,index,holds,start_holds,holds_str,stand_start,b_grade,tech_grade,furlong_grade,other_grade,section,description,stars,all,tall,tech,flex,strong,dyno,finger,infamous,ambulance
0,Jug-o-Rama,"['34', '58', '85', '35', '115', '114']","['34', '58']",(34 58A) 85 35 115 114,TRUE,B0,4a,0,0,,,,,,,,,,,,
1,The Ladder,"['2', '17', '16', '18', '43', '44', '63', '64', '98']",[], 2 17 16 18 43 44 63 64 98,FALSE,B0,4a,0,0,,,,,,,,,,,,
2,Baby Nemo,"['4', '66', '19', '20', '47', '69', '100']","['4', '66']",(4 66) 19 20 47 69 100A,TRUE,B0,4a,0,0,,,,,,,,,,,,
3,'Boing!' Said Zebedee,"['34', '85', '32', '112']",['34'],(34) 85 32 112B,TRUE,B0,4a,0,0,,,,,,,,,,,,
4,Ali G,"['30', '55', '81', '110']","['30', '55']",(30 55) 81 110,TRUE,B0,4a,0,0,,,,,,,,,,,,
5,Jack-In-The-Box,"['32', '35', '10', '85', '113', '115']","['32', '35', '10']",(32 35 10) 85A 113B 115,TRUE,B0,4b,0,0,,,,,,,,,,,,
6,Hatless,"['9', '10', '30', '32', '33', '56', '57', '85', '113']",[], 9 10 30 32 33 56 57A 85A 113B,FALSE,B0 ,4a,0,0,,,,,,,,,,,,
7,Crossroads,"['2', '16', '17', '18', '43', '44', '61']",[], 2 16 17 18 43 44 61,FALSE,B0 ,4a,0,0,,,,,,,,,,,,
8,Mean Feet,"['15', '1', '14', '42', '16', '43', '96']","['15', '1', '14']",(15A 1 14) 42 16 43 96B,TRUE,B0 ,4a,0,0,left_end,"Set by Adam Jorna, H00. A competition problem from IBC2000 forms the start of Iffley's easiest circuit. Finishing on 96 is a more satisfying alternative.",0,TRUE,0,0,0,0,0,0,0,0
9,4b or not...,"['7', '26', '28', '51', '77', '75', '108', '107']",[], 7 26 28 51 77B 75B 108 107A,FALSE,B0 ,4a,0,0,,,,,,,,,,,,
10,Bobbing Apples,"['7', '51', '24', '26', '79', '28', '108']","['7', '51', '24']",(7 51 24) 26 79A 28 108,TRUE,B0,4a+,0,0,,,,,,,,,,,,
11,"Buzz, Buzz goes the Honey Bee","['8', '53', '82', '80', '30', '32', '81', '113']","['8', '53']",(8 53C) 82A 80 30 32 81 113C,TRUE,B0,4a+,0,0,,,,,,,,,,,,
12,Mittens,"['9', '10', '30', '32', '55', '81', '113']",[], 9 10 30 32 55 81 113B,FALSE,B0,4b-,0,0,,,,,,,,,,,,
13,Eliminot,"['17', '18', '64', '96']","['17', '18']",(17 18) 64 96,TRUE,B0,4b-,0,0,,,,,,,,,,,,
14,Tractor,"['12', '41', 'arete', '40', '94']","['12', '41']",(12 41A) arete 40B 94B,TRUE,B0,4b,0,0,left_end,"First ascent by Christian, T01. Something of a one-move-wonder, but still worthwhile. Either use your left foot in the slot, or heel-hook the arête for a brave final move.",1,TRUE,TRUE,0,0,0,0,0,0,0
15,Dynosaur,"['2', '17', '3', '16', '18', '45', '63', '98']",[], 2 17 3 16 18 45 63 98,FALSE,B0,4b,0,0,,,,,,,,,,,,
16,Man of War,"['2', '18', '3', '17', '46', '63', '98']",[], 2 18 3 17 46 63 98,FALSE,B0,4b,0,0,,,,,,,,,,,,
17,Blue,"['2', '18', '3', '46', '44', '63', '98']",[], 2 18 3 46 44 63 98,FALSE,B0,4b,0,0,,,,,,,,,,,,
18,Birdstrike,"['3', '17', '18', '46', '64', '98', '99']",[], 3 17 18 46 64 98 99B,FALSE,B0,4b,0,0,,,,,,,,,,,,
19,The Chinese Leg Extender,"['4', '19', '3', '45', '17', '18', '64', '98']",[], 4 19 3 45 17 18 64 98,FALSE,B0,4b,0,0,,,,,,,,,,,,
20,Cat's Cradle,"['4', '19', '20', '46', '66', '100', '99']",[], 4 19 20 46 66 100A 99B,FALSE,B0,4b,0,0,,,,,,,,,,,,
21,Question Time,"['4', '19', '20', '47', '66', '69', '101']",[], 4 19 20 47 66 69 101,FALSE,B0,4b,0,0,,,,,,,,,,,,
22,Nano,"['4', '19', '20', '46', '47', '69', '100']",[], 4 19 20 46 47A 69 100A,FALSE,B0,4b,0,0,,,,,,,,,,,,
23,Benightment Banjo,"['11', '36', '37', '34', '35', '86', '85', '32', '113']",[], 11 36 37 34 35 86B 85 32 113B,FALSE,B0,4b,0,0,,,,,,,,,,,,
24,Double Helix,"['23', '50', '69', '47', '72', '104']","['23', '50']",(23A 50) 69A 47B 72B 104A,TRUE,B0,4b,0,0,,,,,,,,,,,,
25,High,"['4', '17', '19', '18', '46', '64', '98']",[], 4 17 19B 18 46 64B 98,FALSE,B0,4b,0,0,,,,,,,,,,,,
26,Ice Cream Man,"['10', '32', '57', '84', '85', '113']",[], 10 32 57A 84B 85A 113A,FALSE,B0,4b,0,0,,,,,,,,,,,,
27,On to America,"['4', '19', '20', '47', '46', '67', '99']",[], 4 19 20 47 46 67 99,FALSE,B0,4b,0,0,,,,,,,,,,,,
28,Capital One,"['2', '17', '16', '18', '43', '64', '96']",[], 2 17 16 18 43 64 96B,FALSE,B0,4b,0,0,,,,,,,,,,,,
29,Paleo,"['2', '17', '16', '18', '42', '44', '64', '98']",[], 2 17 16 18 42 44 64 98,FALSE,B0,4b,0,0,,,,,,,,,,,,
30,The Good,"['7', '26', '28', '51', '77', '80', '108', '107']",[], 7 26 28 51 77B 80 108 107A,FALSE,B0,4b,0,0,,,,,,,,,,,,
31,Ice Cube,"['8', '28', '29', '54', '79', '80', '108']",[], 8 28 29A 54 79A 80 108,FALSE,B0,4b,0,0,,,,,,,,,,,,
32,Bonfire Night,"['7', '8', '26', '28', '52', '25', '78', '76', '108', '107']",[], 7 8 26 28 52 25 78A 76A 108 107A,FALSE,B0,4b,0,0,,,,,,,,,,,,
33,The Rocker,"['2', '15', '44', '17', '64', '46', '20', '68', '69']","['2', '15', '44']",(2 15B 44B) 17 64 46 20 68 69,TRUE,B0,4b,0,0,,,,,,,,,,,,
34,Rainbow,"['2', '16', '14', '15', '42', '41', 'girder']",[], 2 16 14 15 42 41 girder,FALSE,B0,4b,0,0,,,,,,,,,,,,
35,Twisted Sister,"['77', '7', '80', '29', '30', '81', '32', '85']","['77', '7']",(77B 7) 80 29B 30 81 32 85,TRUE,B0,4b,0,0,,,,,,,,,,,,
36,Foot Up!,"['46', '47', '67', '99', '98', '64', '18', '17']",[], 46 47A 67A 99 98 64A 18 17,FALSE,B0,4b,0,0,,,,,,,,,,,,
37,Praying Mantis,"['57', '30', '31', '83', '32', '111']","['57', '30', '31']",(57A 30 31) 83 32 111A,TRUE,B0,4b,0,0,,,,,,,,,,,,
38,Problem 1,"['66', '4', '48', '5', '73']","['66', '4']",(66 4B) 48A 5 73B,TRUE,B0,4b,0,0,,,,,,,,,,,,
39,The Right Stuff,"['9', '10', '32', '34', '58', '85', '113']",[], 9 10 32 34 58A 85A 113B,FALSE,B0,4b,0,0,,,,,,,,,,,,
40,The Sting,"['59', '11', '34', '86', '85', '32', '81']","['59', '11']",(59 11) 34 86B 85A 32 81,TRUE,B0,4b,0,0,,,,,,,,,,,,
41,Weak Like Small Bull,"['9', '10', '32', '85', '115']",[], 9B 10 32 85A 115,FALSE,B0,4b+,0,0,,,,,,,,,,,,
42,Magic Journey,"['9', '10', '30', '32', '56', '35', '34', '85', '115']",[], 9 10 30 32 56 35 34 85 115,FALSE,B0,4b+,0,0,,,,,,,,,,,,
43,The Bad,"['2', '16', '43', '42', '44', '96']",[], 2 16 43 42 44 96A,FALSE,B0,4b+,0,0,,,,,,,,,,,,
44,Dojo,"['11', '34', '36', '37', '59', '86', '85', '115']",[], 11 34 36 37 59 86B 85A 115,FALSE,B0,4b+,0,0,,,,,,,,,,,,
45,Unnecessarily Loud Sex Noises,"['58', '91', '36', '85', '113']","['58', '91', '36']",(58A 91B 36) 85A 113C,TRUE,B1,4b+,0,0,,,,,,,,,,,,
46,The Easy Touch,"['2', '16', '15', '14', '42', 'girder']",[], 2 16 15A 14 42 girder,FALSE,B1,4b+,0,0,,,,,,,,,,,,
47,The Ugly,"['26', '52', '77', '51', '76', '105']","['26', '52', '77']",(26 52 77B) 51 76B 105,TRUE,B0,4b+,0,0,,,,,,,,,,,,
48,Sorrow,"['51', '77', '76', '107']","['51', '77']",(51 77B) 76A 107A,TRUE,B0,4b+,0,0,,,,,,,,,,,,
49,The Jester,"['2', '16', '43', '63', '96']",[], 2 16 43 63 96A,FALSE,B0,4b+,0,0,,,,,,,,,,,,
50,No Problem,"['17', '18', '64', '97']",[], 17 18 64A 97B,FALSE,B0,4b+,0,0,,,,,,,,,,,,
51,The Million Dollar Problem,"['2', '15', '44', '17', '64', '45', '98']","['2', '15', '44']",(2 15B 44B) 17 64B 45 98,TRUE,B0,4c-,0,0,,,,,,,,,,,,
52,Ma Belle,"['11', '36', '35', '37', '59', '87', '85', '115']",[], 11 36 35 37 59 87 85A 115,FALSE,B0,4c-,0,0,,,,,,,,,,,,
53,Starfish,"['7', '28', '77', '51', '78', '108', '74']",[], 7 28 77B 51 78B 108 74B,FALSE,B0,4c-,0,0,,,,,,,,,,,,
54,Black Dresses and Purple Flowers,"['21', '22', '47', '70', '102', '103']","['21', '22', '47', '70']",(21 22A 47B 70B) 102B 103B,TRUE,B0,4c-,0,0,,,,,,,,,,,,
55,Jacob's Ladder,"['4', '5', '20', '47', '48', '67', '69', '103']",[], 4 5 20 47 48 67 69 103B,FALSE,B0,4c-,0,0,,,,,,,,,,,,
56,Castaway,"['7', '28', '51', '79', '108', '105']",[], 7 28 51 79 108 105,FALSE,B1,4c-,0,0,,,,,,,,,,,,
57,More Rough than Diamond,"['1', '39', '14', '15', '41', '42', '96']","['1', '39']",(1 39) 14 15A 41B 42 96,TRUE,B0,4c,0,0,left_end,"First ascent by Gillian, H02. A clever move through hold 42 will put you in a good position for an unlikely-looking finish. Tricky for the grade…",0,0,0,0,0,0,0,0,0,0
58,The Gardener's Legs,"['1', '39', '42', '14', '17', '44', '64', '45', '98']","['1', '39']",(1 39B) 42 14B 17 44B 64B 45 98,TRUE,B0,4c,0,0,left_end,"Set by Alison Parker, M02. A worthwhile amusement for those without long reach.",1,TRUE,TRUE,0,0,0,0,0,0,0
59,Underwear Everywhere,"['17', '18', '46', '64', '98', '99']",[], 17 18 46 64 98 99B,FALSE,B0,4c,0,0,,,,,,,,,,,,
60,Figs,"['7', '51', '82', '30', '83', '32', '34', '85', '114']",[], 7 51 82 30 83 32 34 85 114A,FALSE,B0,4c,0,0,,,,,,,,,,,,
61,Main Street,"['2', '16', '15', '42', '61', '95']",[], 2 16 15 42 61 95,FALSE,B0,4c,0,0,,,,,,,,,,,,
62,Cowgirl,"['4', '19', '20', '47', '46', '67', '99']",[], 4 19 20 47 46 67 99,FALSE,B0,4c,0,0,,,,,,,,,,,,
63,Transvestite,"['11', '34', '36', '37', '89', '85', '115']",[], 11 34 36 37 89 85 115,FALSE,B0,4c,0,0,,,,,,,,,,,,
64,Curdled Custard,"['2', '16', '43', 'girder']",[], 2 16 43 girder,FALSE,B0,4c,0,0,,,,,,,,,,,,
65,Lickin' Stick,"['8', '28', '53', '80', '109']",[], 8 28 53C 80 109A,FALSE,B0,4c,0,0,,,,,,,,,,,,
66,Short Cake,"['7', '8', '28', '29', '54', '77', '109', '107']",[], 7 8 28 29 54 77 109 107,FALSE,B0,4c,0,0,,,,,,,,,,,,
67,Slot Machine,"['7', '8', '28', '29', '79', '82', '109', '108']",[], 7 8 28 29A 79A 82 109C 108,FALSE,B0,4c,0,0,,,,,,,,,,,,
68,Fields of Home,"['7', '26', '28', '51', '52', '75', '73', '23', '69']",[], 7 26 28 51 52 75B 73B 23 69,FALSE,B0,4c,0,0,,,,,,,,,,,,
69,Starry Sky,"['7', '28', '52', '25', '75', '73', '49', '69']",[], 7 28 52 25 75B 73B 49 69B,FALSE,B0,4c,0,0,,,,,,,,,,,,
70,I'm Black and I'm Proud,"['2', '16', '18', '4', '19', '47', '20']",[], 2 16 18B 4B 19B 47B 20,FALSE,B0,4c,0,0,,,,,,,,,,,,
71,Microraptor,"['4', '19', '45', '17', '44', '98']",[], 4 19 45 17 44B 98,FALSE,B0,4c,0,0,,,,,,,,,,,,
72,X,"['5', '47', '70', '22', '19', '100']",[], 5 47A 70B 22A 19B 100A,FALSE,B0,4c,0,0,,,,,,,,,,,,
73,Nose for Beginners,"['9', '30', '56', '55', '81', '110']",[], 9B 30 56 55 81 110,FALSE,B0,4c,0,0,,,,,,,,,,,,
74,The Winking Man,"['7', '8', '28', '29', '54', '78', '109', '106']",[], 7 8 28 29 54 78A 109A 106B,FALSE,B0,4c,0,0,,,,,,,,,,,,
75,Pringle Magic,"['7', '26', '51', '75', '106', '105']",[], 7 26 51 75 106 105,FALSE,B0,4c,0,0,,,,,,,,,,,,
76,The Catwalk,"['4', '19', '46', '100', '97']",[], 4B 19B 46 100A 97B,FALSE,B0,4c,0,0,,,,,,,,,,,,
77,Random Fresher,"['4', '19', '20', '47', '66', '70', '101']",[], 4 19A 20 47 66 70 101B,FALSE,B0,4c,0,0,,,,,,,,,,,,
78,Overlap,"['4', '5', '19', '20', '47', '48', '67', '103']",[], 4B 5 19A 20 47A 48A 67A 103B,FALSE,B0,4c,0,0,,,,,,,,,,,,
79,Bent Brother,"['4', '19', '46', '44', '16', '63', '42', '40', 'arete']",[], 4B 19B 46 44B 16 63 42 40 arete,FALSE,B0,4c,0,0,,,,,,,,,,,,
80,The Slide,"['5', '48', '20', '23', '50', '73', '51', '75', '76']","['5', '48']",(5 48) 20 23 50 73B 51 75 76B,TRUE,B1,4c,0,0,,,,,,,,,,,,
81,Rock & Roll,"['50', '23', '20', '71', '67', '46', '65', '99']","['50', '23']",(50 23A) 20 71 67A 46 65 99B,TRUE,B1,4c,0,0,,,,,,,,,,,,
82,Persimmon,"['29', '30', '55', '81', '57', '85', 'girder']","['29', '30', '55']",(29 30 55) 81 57 85 girder,TRUE,B1,4c,0,0,,,,,,,,,,,,
83,Pebble Beach,"['73', '23', '106', '51', '75', '108']","['73', '23']",(73B 23A) 106B 51 75B 108,TRUE,B1,4c,0,0,,,,,,,,,,,,
84,Compsognathus,"['2', '16', '44', '17', '98']",[], 2 16 44B 17 98,FALSE,B1,4c,0,0,,,,,,,,,,,,
85,The Crimp,"['7', '8', '26', '28', '51', '78', '76', '107']",[], 7 8 26 28 51 78 76A 107,FALSE,B1,4c,0,0,,,,,,,,,,,,
86,...And Think of England,"['4', '19', '66', '69', '48', '101']",[], 4B 19 66 69 48B 101A,FALSE,B1,4c,0,0,,,,,,,,,,,,
87,To The Girder,"['4', '19', '20', '66', '70', '23', '73', 'girder']",[], 4 19 20 66 70 23 73 girder,FALSE,B1,4c,0,0,,,,,,,,,,,,
88,Socks and a Bow Tie,"['17', '18', '64', '97']",[], 17 18 64B 97A,FALSE,B1,4c,0,0,,,,,,,,,,,,
89,Corkscrew,"['4', '19', '47', '46', '67', '101']",[], 4 19 47A 46 67 101B,FALSE,B0,4c+,0,0,,,,,,,,,,,,
90,Achilles Heel,"['27', '28', '51', '52', '78', '108']",[], 27 28 51 52 78B 108,FALSE,B0,4c+,0,0,,,,,,,,,,,,
91,Stroll,"['14', '40', '43', '42', '18', '15', '96', '99']","['14', '40']",(14A 40B) 43 42 18 15A 96A 99A,TRUE,B0,4c+,0,0,,,,,,,,,,,,
92,Last Orders,"['14', '2', '41', '43', '16', '62', '61', '15', '96', '97']","['14', '2', '41', '43']",(14 2 41A 43) 16 62 61B 15A 96A 97,TRUE,B0,4c+,0,0,,,,,,,,,,,,
93,Let my People Go,"['5', '70', '47', '22', '67', '101']",[], 5 70B 47B 22A 67B 101B,FALSE,B1,4c+,0,0,,,,,,,,,,,,
94,Watching Paint Dry,"['9', '10', '30', '32', '55', '81', '110']",[], 9 10 30 32 55 81 110,FALSE,B0,5a-,0,0,,,,,,,,,,,,
95,Dishonest,"['11', '37', '34', '86', '85', '32', '81']",[], 11 37 34 86B 85B 32 81,FALSE,B0,5a-,0,0,,,,,,,,,,,,
96,Cosmic,"['4', '5', '20', '22', '48', '73', '69', '103']",[], 4 5 20 22 48 73 69 103B,FALSE,B1,5a-,0,0,,,,,,,,,,,,
97,The Sabre Dance,"['38', '11', '34', '58', '85', '115']","['38', '11', '34', '58']",(38 11 34 58A) 85A 115,TRUE,B0,5a-,0,0,,,,,,,,,,,,
98,Die Gerbils!,"['4', '19', '46', '64', '98']",[], 4B 19 46 64 98,FALSE,B0,5a-,0,0,,,,,,,,,,,,
99,Long Division,"['4', '5', '20', '48', '23', '73', 'girder']",[], 4 5 20 48 23 73 girder,FALSE,B1,5a-,0,0,,,,,,,,,,,,
100,Tiffin,"['7', '26', '28', '52', '78', '108', '105']",[], 7 26 28 52 78 108 105,FALSE,B0,5a,0,0,,,,,,,,,,,,
101,Ketch,"['7', '28', '25', '52', '78', '76', '107']",[], 7 28 25 52 78B 76 107,FALSE,B0,5a,0,0,,,,,,,,,,,,
102,Halloween,"['8', '28', '77', '108', '107']",[], 8 28 77B 108 107,FALSE,B0,5a,0,0,,,,,,,,,,,,
103,The Big C,"['31', '32', '83', '112']",[], 31 32 83B 112A,FALSE,B0,5a,0,0,,,,,,,,,,,,
104,Trick or Treat,"['11', '36', '38', '58', '89', '90', '116', '117']",[], 11 36 38 58A 89 90 116A 117,FALSE,B0,5a,0,0,,,,,,,,,,,,
105,Touch Me,"['9', '56', '10', '57', '34', '86', '86', '89']","['9', '56']",(9B 56) 10 57 34 86C 86B 89,TRUE,B0,5a,0,0,,,,,,,,,,,,
106,Tangfastic,"['31', '32', '82', '113']",[], 31 32 82 113B,FALSE,B0,5a,0,0,,,,,,,,,,,,
107,Klingon,"['1', '14', '40', '39', '41', '94']","['1', '14', '40', '39']",(1 14A 40B 39) 41A 94A,TRUE,B0,5a,0,0,left_end,"Set by Adam Jorna, H00. A competition problem from IBC2000 , which provided surprising difficulties. Although not particularly reachy, the short may struggle with the step up to 40B.",0,TRUE,0,0,0,0,0,0,0,0
108,Superman in Y-Fronts,"['7', '77', '51', '75', '76', '107']","['7', '77']",(7 77) 51 75A 76B 107A,TRUE,B0,5a,0,0,,,,,,,,,,,,
109,Superman in a G-String,"['7', '77', '51', '107']","['7', '77']",(7 77) 51 107A,TRUE,B0,5a,0,0,,,,,,,,,,,,
110,Magenta,"['10', '32', '57', '85', '116']",[], 10 32 57A 85A 116A,FALSE,B0,5a,0,0,,,,,,,,,,,,
111,Squetch,"['7', '28', '25', '52', '108', '105']",[], 7 28 25 52 108 105,FALSE,B0,5a,0,0,,,,,,,,,,,,
112,Use Your Imagination,"['53', '56', '8', '31', '79', '29', '28', '109', '107']","['53', '56', '8', '31']",(53C 56 8 31) 79A 29A 28 109A 107B,TRUE,B0,5a,0,0,,,,,,,,,,,,
113,Mark's Thing,"['73', '70', '48', '69']","['73', '70']",(73B 70B) 48A 69A,TRUE,B0,5a,0,0,,,,,,,,,,,,
114,Smelly Feet,"['39', '1', '42', '16', '96']","['39', '1']",(39 1) 42 16 96B,TRUE,B0,5a,0,0,left_end,"Set by Paul & Christian, H01. A tricky move through 42 needs some clever positioning, good body tension, and perhaps a chip for the left foot...",1,TRUE,0,0,0,0,0,0,0,0
115,Beer Fight in the Bear,"['11', '34', '37', '85', 'girder']",[], 11 34 37 85 girder,FALSE,B1,5a,0,0,,,,,,,,,,,,
116,The Jen of Climbing,"['2', '18', '46', '45', '65', '101']",[], 2 18 46 45 65 101B,FALSE,B0,5a,0,0,,,,,,,,,,,,
117,'Fingers' McNab,"['10', '33', '34', '35', '57', '85', '113']",[], 10 33 34 35 57 85B 113B,FALSE,B0,5a,0,0,,,,,,,,,,,,
118,Delusions of Grandeur,"['17', '18', '44', '62', '97']",[], 17 18 44B 62B 97,FALSE,B0,5a,0,0,,,,,,,,,,,,
119,Varsity,"['arete', '1', '40', '41', '93']",[], arete 1 40B 41A 93,FALSE,B0,5a,0,0,lh_arete,"Set by Andy and Tim for the Hilary 2003 compeition. Brilliant technical moves up the left-hand arête. Several possibilities exist, making this problem an ideal project for those wishing to push their grade in to the '5 somethings'. This problem is usually peoples' first real experience of smearing on smooth paint... (It does work!)",3,TRUE,0,TRUE,0,0,0,0,TRUE,0
120,Blind Faith,"['1', '40', '41', '15', '62', '44', '98']","['1', '40']",(1 40B) 41A 15A 62A 44B 98,TRUE,B1,5a,0,0,left_end,"Set by Seshadri Nadathur, first ascent by Steve Broadbent, M06. A pleasant rising traverse with an interesting Gaston move to finish.",0,0,0,0,0,TRUE,0,0,0,0
121,Befuddled,"['2', '16', '3', '45', '46', '98']",[], 2 16 3 45 46 98,FALSE,B1,5a,0,0,,,,,,,,,,,,
122,Dynamite,"['7', '26', '28', '53', '52', '108']",[], 7 26 28 53B 52 108,FALSE,B1,5a,0,0,,,,,,,,,,,,
123,All Hallows' Eve,"['7', '28', '77', '109', '107']",[], 7 28 77B 109A 107A,FALSE,B1,5a,0,0,,,,,,,,,,,,
124,Oracle,"['7', '26', '77', '76', '107']",[], 7 26 77B 76B 107,FALSE,B1,5a,0,0,,,,,,,,,,,,
125,Major League,"['7', '26', '51', '75', '73', '70', '48', '69', '104']",[], 7 26 51 75B 73B 70B 48A 69A 104,FALSE,B1,5a,0,0,,,,,,,,,,,,
126,Of Ruine and Some Blazing Starre,"['28', '29', '53', '80', '109', '107', '52', '105']",[], 28 29A 53C 80 109B 107A 52 105,FALSE,B1,5a,0,0,,,,,,,,,,,,
127,The Mango Tree,"['11', '36', '37', '85', '90', 'girder']",[], 11 36 37 85 90 girder,FALSE,B1,5a,0,0,,,,,,,,,,,,
128,The Art of the Hand Jam,"['2', '42', '14', '41', '40', '60', '95']","['2', '42']",(2 42) 14A 41 40A 60 95C,TRUE,B1,5a,0,0,,,,,,,,,,,,
129,Weak Like Monkey,"['9', '31', '32', '85', '113']",[], 9 31 32 85 113,FALSE,B1,5a,0,0,,,,,,,,,,,,
130,Flight of Fancy,"['11', '37', '36', '33', '86', '85', 'girder']",[], 11 37 36 33 86B 85 girder,FALSE,B1,5a,0,0,,,,,,,,,,,,
131,Anonymous,"['31', '32', '84', '88', '112']",[], 31 32 84 88B 112A,FALSE,B1,5a,0,0,,,,,,,,,,,,
132,Minimal Impact,"['2', '16', '44', '63', '64', '97']",[], 2 16 44 63 64 97A,FALSE,B1,5a,0,0,,,,,,,,,,,,
133,The Pint Glass,"['4', '19', '66', '47', '102', '99']",[], 4 19B 66 47B 102B 99B,FALSE,B1,5a,0,0,,,,,,,,,,,,
134,Die Yetis!,"['4', '19', '46', '45', '98']",[], 4B 19A 46 45 98,FALSE,B1,5a,0,0,,,,,,,,,,,,
135,Spring Loaded,"['4', '19', '46', '17', '98']",[], 4A 19A 46 17 98,FALSE,B1,5a,0,0,,,,,,,,,,,,
136,Wedding Bells,"['46', '3', '17', '16', '15', '64', '63', '62', '40', '41', '95', '94']","['46', '3']",(46 3) 17 16 15 64 63 62 40A 41B 95C 94,TRUE,B1,5a,0,0,,,,,,,,,,,,
137,Grand Capucin,"['55', '30', '88', '28', '107']",[], 55 30 88A 28 107B,FALSE,B1,5a,0,0,,,,,,,,,,,,
138,Human League,"['11', '36', 'arete', '38', '89', '92', '116']",[], 11 36 arete 38A 89 92 116A,FALSE,B1,5a,0,0,,,,,,,,,,,,
139,American Vision,"['1', 'arete', '40', '15', '14', '43', 'girder']",[], 1 arete 40A 15A 14B 43 girder,FALSE,B1,5a,0,0,lh_arete,Set by Geoff Hannis for the 2007 competition whilst he was in America…! The initial moves require more skill than just a long stretch right to 43…,1,0,0,0,0,0,0,0,0,0
140,"Wax on, Wax off","['11', '36', '38', '38', '89', '91', '116', '117']",[], 11 36 38B 38C 89 91 116A 117,FALSE,B1,5a,0,0,,,,,,,,,,,,
141,Up and Away,"['2', '16', '42', 'girder']",[], 2 16 42 girder,FALSE,B2,5a,0,0,,,,,,,,,,,,
142,Shelf Life,"['14', '16', '18', '46', '47', '48', '102', 'girder']",[], 14 16 18 46 47 48 102A girder,FALSE,B2,5a,0,0,,,,,,,,,,,,
143,Touch Me Direct,"['9', '30', '56', '57', '10', '86', '86', '89']",[], 9 30 56 57 10 86B 86C 89,FALSE,B0,5a+,0,0,,,,,,,,,,,,
144,Hebrews 10.9,"['17', '64', '46', '99']",[], 17 64 46 99B,FALSE,B0,5a+,0,0,,,,,,,,,,,,
145,Dirty Sanchez,"['11', '37', '34', '86', '115']",[], 11 37 34 86 115,FALSE,B0,5a+,0,0,,,,,,,,,,,,
146,Chucklevision,"['9', '32', '55', '29', '54', '80', '110']",[], 9 32 55 29B 54 80 110,FALSE,B0,5a+,0,0,,,,,,,,,,,,
147,Face Nord des Drus,"['23', '50', '72', '105']","['23', '50']",(23 50) 72A 105,TRUE,B0,5a+,0,0,,,,,,,,,,,,
148,Chinook,"['arete', '1', '41', '12', '13', '95']",[], arete 1 41 12 13 95C,FALSE,B0,5a+,0,0,lh_arete,"Set by Nick Brown for the 2006 competition. A lovely move up the arête is followed by a frustrating slap to a tiny crimp, where failure is almost a certainty! Grab it, hold it, and count to five to prove that gravity really hasn't noticed you. The name is a clue to the outcome, albeit subtle.",2,0,TRUE,0,0,0,0,TRUE,0,0
149,Gaston,"['4', '5', '47', '48', '50', '6', '26', '51', '77']","['4', '5', '47']",(4A 5 47A) 48A 50 6 26 51 77B,TRUE,B0,5a+,0,0,,,,,,,,,,,,
150,Dyno 2,"['46', '17', '98']","['46', '17']",(46 17) 98,TRUE,B0,5a+,0,0,,,,,,,,,,,,
151,Go Go Gadget,"['9', '10', '31', '32', '83', '81']",[], 9 10 31 32 83 81,FALSE,B1,5a+,0,0,,,,,,,,,,,,
152,Feng Shui,"['11', '36', '37', '86', 'arete', '90', '38', '116', '117']",[], 11 36 37 86C arete 90 38A 116A 117,FALSE,B1,5a+,0,0,,,,,,,,,,,,
153,Star Bangled Spanner,"['20', '48', '102', '104']",[], 20 48 102B 104,FALSE,B1,5a+,0,0,,,,,,,,,,,,
154,Popeye,"['5', '20', '21', '48', '73', '25', 'girder']",[], 5 20 21 48A 73B 25 girder,FALSE,B1,5a+,0,0,,,,,,,,,,,,
155,Step on my Old Size Nines,"['2', '15', '1', '40', '41', '94']",[], 2 15A 1 40A 41A 94B,FALSE,B1,5a+,0,0,15a,"First ascent by Philip Frampton, T01. The sit start is only 5a for those who can reach 40A from the ground (you see a lot of people sitting on mats here!)",0,0,TRUE,0,0,0,0,0,0,0
156,Armchair,"['2', '15', '14', '40', '42', '60', '95', '94']",[], 2 15A 14 40 42 60 95C 94,FALSE,B1,5a+,0,0,15a,"Set by Geoff Hannis for the 2007 competition. The sit start gives many people difficulties, but things ease considerably above.",0,0,0,0,0,0,0,0,0,0
157,Overmantel,"['7', '28', '51', '76', '107']",[], 7 28 51 76 107,FALSE,B1,5a+,0,0,,,,,,,,,,,,
158,Eventually Horizontal,"['7', '26', '51', '75', '108', '79', '110']",[], 7 26 51 75B 108 79B 110,FALSE,B1,5a+,0,0,,,,,,,,,,,,
159,Fish Eggs and Monkey Brains,"['7', '8', '28', '78', '107', '105']",[], 7 8 28 78A 107A 105,FALSE,B1,5a+,0,0,,,,,,,,,,,,
160,The Yardglass,"['4', '19', '68', '67', '22', '47', '69', '104']",[], 4 19 68 67A 22A 47B 69B 104B,FALSE,B1,5a+,0,0,,,,,,,,,,,,
161,MiniPint,"['4', '19', '68', '22', '69', '101']",[], 4 19 68 22 69 101B,FALSE,B1,5a+,0,0,,,,,,,,,,,,
162,Coiled Spring,"['25', '26', '52', '75', '105']","['25', '26', '52']",(25 26 52) 75B 105,TRUE,B1,5a+,0,0,,,,,,,,,,,,
163,Nosey,"['11', '38', '58', '34', '86', '56', '30', '81', '110']",[], 11 38C 58A 34 86B 56 30 81 110,FALSE,B1,5a+,0,0,,,,,,,,,,,,
164,Dyno 3,"['23', '73', '105']","['23', '73']",(23 73) 105,TRUE,B1,5a+,0,0,,,,,,,,,,,,
165,Death Pirate,"['7', '8', '28', '77', '82', '109', '110']",[], 7 8 28 77A 82A 109A 110,FALSE,B1,5a+,0,0,,,,,,,,,,,,
166,Laah!,"['11', '36', '37', '89', '117']",[], 11 36 37 89 117,FALSE,B1,5a+,0,0,,,,,,,,,,,,
167,Phoenix Rising,"['12', '39', '40', '93', '94']","['12', '39']",(12 39) 40A 93 94A,TRUE,B1,5a+,0,0,left_end,"First ascent by Adrian Baugh, T00. Probably deserves more attention than it currently attracts, featuring nice moves on pinches and side-pulls.",1,0,0,TRUE,0,0,0,0,0,0
168,Irn Bru,"['arete', '1', '40', '41', 'girder']",[], arete 1 40A 41 girder,FALSE,B2,5a+,0,0,lh_arete,Set by Steve Broadbent for the 2007 competition. Brilliant steep bouldering that is considerably easier than it looks. Standing up on 40A requires nothing more than belief that it's easy…,3,TRUE,0,TRUE,0,0,0,0,0,0
169,So Over It,"['105', '73', '75', '107', '79', '110', '82', '113', '57', '114']","['105', '73', '75']",(105 73B 75B) 107 79B 110 82A 113B 57B 114A,TRUE,B2,5a+,0,0,,,,,,,,,,,,
170,Technical Apprentice,"['9', '30', '57', '31', '82', '81', '110']",[], 9 30 57A 31 82 81 110,FALSE,B2,5a+,0,0,,,,,,,,,,,,
171,King Heroin,"['4', '46', '48', '50', '6', '7', '77']","['4', '46']",(4 46) 48 50 6 7 77,TRUE,0,0,AAA,0,,,,,,,,,,,,
172,Pirates of the Caribbean,"['8', '28', '51', '75', '109', 'girder']",[], 8 28 51 75B 109A girder,FALSE,B2,5a+,0,0,,,,,,,,,,,,
173,Startime,"['5', '6', '49', '24', '25', '52', '105']","['5', '6', '49']",(5 6 49) 24 25 52 105,TRUE,0,0,AAA,0,,,,,,,,,,,,
174,Monocle,"['7', '26', '51', '76', '107']",[], 7 26 51 76B 107A,FALSE,B0,5b-,0,0,,,,,,,,,,,,
175,Loin Cloth,"['2', '18', '63', '97']",[], 2 18 63 97A,FALSE,B0,5b-,0,0,,,,,,,,,,,,
176,Black Belt,"['11', '34', '37', '85', '115']",[], 11 34 37 85A 115,FALSE,B0,5b-,0,0,,,,,,,,,,,,
177,Strong Like Bull,"['10', '32', '85', '114']",[], 10 32 85 114,FALSE,B0,5b-,0,0,,,,,,,,,,,,
178,Short Circuit,"['4', '5', '20', '47', '67', '103']",[], 4 5 20 47A 67A 103B,FALSE,B1,5b-,0,0,,,,,,,,,,,,
179,Young Pretender,"['2', '16', '43', '14', '15', '41', '40', '94']",[], 2 16 43 14 15 41 40 94,FALSE,B1,5b-,0,0,,,,,,,,,,,,
180,Shelfless,"['4', '19', '3', '45', '66', '65', '99']",[], 4 19 3 45 66 65 99,FALSE,B1,5b-,0,0,,,,,,,,,,,,
181,Slate Traits,"['7', '26', '52', '53', '76', '107']",[], 7 26 52 53B 76 107,FALSE,B1,5b-,0,0,,,,,,,,,,,,
182,Back to the Future,"['27', '28', '79', '78', '109']",[], 27 28 79B 78A 109C,FALSE,B1,5b-,0,0,,,,,,,,,,,,
183,Me Grimlock Kick Arse,"['7', '28', '30', '55', '81', '57', '113', '114']",[], 7 28 30 55 81 57B 113C 114,FALSE,B1,5b-,0,0,,,,,,,,,,,,
184,Insert Tab A into Slot B,"['27', '28', '79', '30', '82', '83', '32', '113', '86', '114']",[], 27 28 79A 30 82B 83 32 113C 86B 114,FALSE,B1,5b-,0,0,,,,,,,,,,,,
185,Threesome,"['38', '58', '11', '34', '85', '32', '81', '55', '110', '80', '108', '109']","['38', '58', '11', '34']",(38C 58A 11 34) 85A 32 81 55 110 80 108 109,TRUE,B1,5b-,0,0,,,,,,,,,,,,
186,Happy Fun Ball,"['4', '19', '48', '66', '69', '99']",[], 4B 19B 48B 66 69 99B,FALSE,B1,5b-,0,0,,,,,,,,,,,,
187,Central Pillar,"['5', '20', '21', '48', '67', '46', '99']",[], 5 20 21 48A 67A 46 99A,FALSE,B0,5b,0,0,,,,,,,,,,,,
188,Dwarf Elevation,"['24', '7', '51', '73', '49', '105']","['24', '7', '51']",(24 7 51) 73B 49 105,TRUE,B0,5b,0,0,,,,,,,,,,,,
189,Problem 2,"['40', '1', '60', '41', '14', '14', '43', '16', '98', '46']","['40', '1']",(40A 1) 60B 41B 14A 14B 43 16 98 46,TRUE,B1,5b,0,0,left_end,"One of the original numbered problems, set by Tim Woolllings M99. Nice moves but with an odd, reachy finish…",0,0,TRUE,0,0,0,0,0,0,0
190,While Inventing a nice 4b,"['3', '45', '16', '43', '98']",[], 3 45 16 43 98,FALSE,B1,5b,0,0,,,,,,,,,,,,
191,Three Pebble Pillar,"['3', '45', '16', '43', '62', '95']","['3', '45']",(3 45) 16 43 62 95A,TRUE,B1,5b,0,0,,,,,,,,,,,,
192,The Stress Test,"['2', '16', '63', '65']",[], 2 16 63 65,FALSE,B1,5b,0,0,,,,,,,,,,,,
193,Fingal's Cave,"['2', '16', '43', '63', '97']",[], 2 16 43 63 97A,FALSE,B1,5b,0,0,,,,,,,,,,,,
194,Wall Separation,"['2', '16', '42', '13', '39', '12', '95']",[], 2 16 42 13 39 12 95C,FALSE,B1,5b,0,0,,,,,,,,,,,,
195,The Rise and Fall of the Roman Empire,"['11', '37', '34', '36', '85', 'girder']",[], 11 37 34 36 85 girder,FALSE,B1,5b,0,0,,,,,,,,,,,,
196,End Wall Endeavor,"['11', '36', '37', '58', '91', '38', '117']",[], 11 36 37 58A 91B 38B 117,FALSE,B1,5b,0,0,,,,,,,,,,,,
197,The Hand that Rocks the Cradle,"['1', 'arete', '40', '14', '41', '61', '94']",[], 1 arete 40A 14 41B 61 94,FALSE,B1,5b,0,0,lh_arete,"Set by Geoff Hannis for the 2007 competition. Initial technical moves lead to a brilliant, powerful finish.",1,0,0,0,0,TRUE,0,0,0,0
198,Sunflowers are the way Forward in Life!,"['2', '18', '17', '64', '61', '15', '93']",[], 2 18 17 64B 61B 15A 93,FALSE,B1,5b,0,0,,,,,,,,,,,,
199,Stage Left,"['17', '18', '46', '99']",[], 17 18 46 99A,FALSE,B1,5b,0,0,,,,,,,,,,,,
200,Green Goddess,"['7', '28', '79', '107']",[], 7 28 79A 107A,FALSE,B1,5b,0,0,,,,,,,,,,,,
201,Pull my Finger,"['24', '27', '51', '76', '25', '28', '107']","['24', '27', '51']",(24 27 51) 76 25 28 107A,TRUE,B1,5b,0,0,,,,,,,,,,,,
202,Unnamed,"['48', '5', '19', '67', '45', '65', '99']","['48', '5', '19']",(48A 5 19B) 67A 45 65 99A,TRUE,B1,5b,0,0,,,,,,,,,,,,
203,Pissing in the Wind,"['5', '48', '22', '72', '101']","['5', '48']",(5 48A) 22A 72B 101B,TRUE,B1,5b,0,0,,,,,,,,,,,,
204,Tuxedo,"['7', '28', '75', '108', '110']",[], 7 28 75 108 110,FALSE,B1,5b,0,0,,,,,,,,,,,,
205,California Girl,"['8', '28', '79', '82', '55', '110']",[], 8 28 79A 82A 55 110,FALSE,B1,5b,0,0,,,,,,,,,,,,
206,Hooke's Law and Beyond,"['26', '25', '52', '105']",[], 26 25 52 105,FALSE,B1,5b,0,0,,,,,,,,,,,,
207,Code: Red,"['32', '10', '9', '31', '82', '8', '53', '27', '78', '25', '75', '107']","['32', '10', '9']",(32 10 9B) 31 82A 8 53B 27 78A 25 75A 107A,TRUE,B1,5b,0,0,,,,,,,,,,,,
208,Ride the Wild Smurf,"['36', '58', '90', '35', '85', '114']","['36', '58']",(36 58A) 90A 35 85B 114A,TRUE,B1,5b,0,0,,,,,,,,,,,,
209,The Crimp Factor,"['34', '57', '86', '85', '32', '113', '81', '88', '29', '28', '108', '107']","['34', '57', '86']",(34 57B 86B) 85B 32 113A 81 88A 29A 28 108 107A,TRUE,B1,5b,0,0,,,,,,,,,,,,
210,Black Cuillin,"['2', '16', '14', '15', '41', '40', '94']",[], 2 16 14 15 41 40A 94,FALSE,B1,5b,0,0,,,,,,,,,,,,
211,Pinch-occio,"['27', '28', '52', '76', '109']",[], 27 28 52 76C 109B,FALSE,B1,5b,0,0,,,,,,,,,,,,
212,The 'B' Team,"['7', '28', '75', '108', '105']",[], 7 28 75B 108 105,FALSE,B1,5b,0,0,,,,,,,,,,,,
213,Bonanza,"['8', '29', '51', '24', '75', '107']",[], 8 29 51 24 75 107,FALSE,B1,5b,0,0,,,,,,,,,,,,
214,Use Your Illusion,"['10', '32', '55', '29', '79', '108']",[], 10 32 55 29 79A 108,FALSE,B1,5b,0,0,,,,,,,,,,,,
215,Curry O'Clock,"['10', '32', '113']",[], 10 32 113,FALSE,B1,5b,0,0,,,,,,,,,,,,
216,Wet Paint,"['9', '30', '32', '82', '54', '81', '110']",[], 9 30 32 82A 54 81 110,FALSE,B1,5b,0,0,,,,,,,,,,,,
217,Stagtastic,"['9', '32', '85', '112']",[], 9 32 85 112A,FALSE,B1,5b,0,0,,,,,,,,,,,,
218,Timmy the Tapeworm,"['7', '28', '75', '107']",[], 7 28 75B 107A,FALSE,B1,5b,0,0,,,,,,,,,,,,
219,My Flexible Friend,"['28', '8', '7', '78', '109', '52', '107']",[], 28 8 7 78A 109C 52 107A,FALSE,B1,5b,0,0,,,,,,,,,,,,
220,Ice Maker,"['8', '29', '54', '108']",[], 8 29 54 108,FALSE,B1,5b,0,0,,,,,,,,,,,,
221,DÃ©ja Vu,"['10', '33', '85', '81', '54', '110']",[], 10 33 85A 81 54 110,FALSE,B1,5b,0,0,,,,,,,,,,,,
222,"Fun, Fun, Fun...","['7', '8', '29', '53', '75', '73', '25', '105']",[], 7 8 29 53C 75B 73B 25 105,FALSE,B1,5b,0,0,,,,,,,,,,,,
223,The Iffley Job,"['7', '26', '51', '30', '82', '32', '83', '114']",[], 7 26 51 30 82 32 83 114A,FALSE,B1,5b,0,0,,,,,,,,,,,,
224,The Heel of Fortune,"['4', '19', '47', '48', '69', 'girder']",[], 4 19 47 48 69 girder,FALSE,B1,5b,0,0,,,,,,,,,,,,
225,The Right Hand Pillar,"['11', '36', '38', '89', '116', '117']",[], 11 36 38 89 116A 117,FALSE,B1,5b,0,0,,,,,,,,,,,,
226,The Rack,"['27', '28', '29', '54', '88', '107']",[], 27 28 29 54 88A 107A,FALSE,B1,5b,0,0,,,,,,,,,,,,
227,Finger Locking Good,"['4', '20', '48', '102', '104']",[], 4B 20 48A 102A 104A,FALSE,B1,5b,0,0,,,,,,,,,,,,
228,Gormenghast,"['10', '32', '57', '83', '113']",[], 10 32 57A 83 113B,FALSE,B1,5b,0,0,,,,,,,,,,,,
229,The Slant,"['11', '36', '59', '87', '35', '85', '114']","['11', '36', '59']",(11 36 59) 87 35 85B 114,TRUE,B1,5b,0,0,,,,,,,,,,,,
230,The A-List,"['5', '20', '48', '23', '73', '72', '101']",[], 5 20 48A 23A 73A 72A 101A,FALSE,B1,5b,0,0,,,,,,,,,,,,
231,Tower of Babel,"['36', '37', '90', '117']","['36', '37']",(36 37) 90A 117,TRUE,B1,5b,0,0,,,,,,,,,,,,
232,Isis,"['5', '20', '48', '69', '101']",[], 5 20 48B 69 101,FALSE,B1,5b,0,0,,,,,,,,,,,,
233,From 99 'till...,"['4', '47', '48', '20', '73', '68', '102', '100']",[], 4B 47A 48A 20 73B 68 102A 100A,FALSE,B1,5b,0,0,,,,,,,,,,,,
234,Strong Like a Left Handed Bull,"['10', '35', '85', '114']",[], 10 35 85 114A,FALSE,B1,5b,0,0,,,,,,,,,,,,
235,My Name is Neo,"['10', '35', '84', '85', '115']",[], 10 35 84A 85B 115,FALSE,B1,5b,0,0,,,,,,,,,,,,
236,Obscenity,"['5', '20', '70', '73', 'girder']",[], 5 20 70B 73B girder,FALSE,B1,5b,0,0,,,,,,,,,,,,
237,The Swingers,"['4', '5', '20', '46', '16', '63', '61']",[], 4B 5 20 46 16 63 61B,FALSE,B1,5b,0,0,,,,,,,,,,,,
238,Smart Like Tractor / There was no Ice Cube,"['8', '28', '80', '107']",[], 8 28 80 107A,FALSE,B1,5b,0,0,,,,,,,,,,,,
239,Geronimo!,"['31', '32', '84', 'girder']",[], 31 32 84B girder,FALSE,B1,5b,0,0,,,,,,,,,,,,
240,Nick's Window,"['4', '19', '46', '48', '73', 'girder']",[], 4B 19B 46 48A 73B girder,FALSE,B1,5b,0,0,,,,,,,,,,,,
241,B for Effort,"['4', '19', '66', '17', '64', '15', '61']",[], 4 19A 66 17 64A 15C 61B,FALSE,B1,5b,0,0,,,,,,,,,,,,
242,Land of Hope and Glory,"['9', '30', '55', '111', '110']",[], 9B 30 55 111B 110,FALSE,B1,5b,0,0,,,,,,,,,,,,
243,Jammin',"['14', '42', '40', '41', '43', '62', '96', '97']","['14', '42']",(14 42) 40 41 43 62A 96B 97B,TRUE,B1,5b,0,0,left_end,"First ascent by Adrian Baugh, M99. An unpleasant and awkward problem. Jan, elevator, or fail!",0,0,0,0,0,0,0,0,0,0
244,Sand Script / Sanskrit,"['arete', '1', '14', '42', '17', '64', '46', '99']",[], arete 1 14 42 17 64 46 99B,FALSE,B1,5b,0,0,lh_arete,"A nice beginning to Hebrews 10.9, posted in M01 and requiring either a bit of a reach or a fun little pop to 64. Believe it or not, the name confusion comes from someone's very bad handwriting!",2,0,0,0,TRUE,0,0,0,0,0
245,Foundations of Funk,"['7', '51', '25', '6', '49', '22', '5', '47', '4', '46']","['7', '51']",(7 51) 25 6 49 22 5 47 4 46,TRUE,B1,5b,0,0,,,,,,,,,,,,
246,Povey For Beginners,"['51', '7', '6', '23', '73', '105']","['51', '7', '6', '23']",(51 7 6 23A) 73B 105,TRUE,B1,5b,0,0,,,,,,,,,,,,
247,Jebel Training,"['2', '16', '42', '96', '45', '99']",[], 2 16 42 96 45 99,FALSE,B1,5b,0,0,,,,,,,,,,,,
248,Slip Knot,"['2', '16', '15', '44', '62', '97']",[], 2 16 15B 44B 62B 97B,FALSE,B1,5b,0,0,,,,,,,,,,,,
249,Shadowland,"['9', '30', '29', '55', '81', '112']",[], 9B 30 29B 55 81 112A,FALSE,B1,5b,0,0,,,,,,,,,,,,
250,Infinite Peace,"['9', '31', '30', '53', '7', '51', '78', '107']",[], 9A 31 30 53C 7 51 78A 107A,FALSE,B1,5b,0,0,,,,,,,,,,,,
251,Dwarf Diminisher,"['31', '32', '81', '110']",[], 31 32 81 110,FALSE,B1,5b,0,0,,,,,,,,,,,,
252,Angry Beaver,"['31', '32', '83', '114']",[], 31 32 83A 114,FALSE,B1,5b,0,0,,,,,,,,,,,,
253,Eyes over New York,"['8', '29', '79', '109', '81', '30', '113', '57', '114']",[], 8 29 79A 109C 81 30 113B 57B 114,FALSE,B2,5b,0,0,,,,,,,,,,,,
254,"Mmmm, Revenge of those Persons...","['58', '36', '10', '32', '30', '55', '29', '53', '28', '7', '52']","['58', '36']",(58A 36) 10 32 30 55 29B 53C 28 7 52,TRUE,B2,5b,0,0,,,,,,,,,,,,
255,Red Bull,"['9', '32', '55', '83', '110']",[], 9 32 55 83A 110,FALSE,B2,5b,0,0,,,,,,,,,,,,
256,Bedraggled,"['2', '16', '46', '64', '96']",[], 2 16 46 64 96,FALSE,B2,5b,0,0,,,,,,,,,,,,
257,Balance Thing,"['7', '28', '78', '110']",[], 7 28 78 110,FALSE,B2,5b,0,0,,,,,,,,,,,,
258,Luftwaffe,"['floor', 'girder', '107']","['floor', 'girder']",(floor girder) 107A,TRUE,B3,5b,0,0,,,,,,,,,,,,
259,Degeneration,"['4', '5', '20', '47', '45', '69', '104']",[], 4 5 20 47B 45 69 104,FALSE,B1,5b+,0,0,,,,,,,,,,,,
260,The Toad,"['4', '5', '20', '48', '66', '100', '101']",[], 4 5 20 48 66 100A 101B,FALSE,B1,5b+,0,0,,,,,,,,,,,,
261,I Know Kung Fu,"['4', '5', '6', '20', '49', '73', '105']",[], 4B 5 6 20 49 73B 105,FALSE,B1,5b+,0,0,,,,,,,,,,,,
262,The Word,"['4', '5', '20', '66', '45', '65', '99']",[], 4B 5 20 66 45 65 99A,FALSE,B1,5b+,0,0,,,,,,,,,,,,
263,The Self Preservation Society,"['7', '28', '77', '88', '81', '32', '113', '114']",[], 7 28 77B 88A 81 32 113B 114A,FALSE,B1,5b+,0,0,,,,,,,,,,,,
264,Razor,"['8', '29', '54', '88', '110']",[], 8 29 54 88A 110,FALSE,B1,5b+,0,0,,,,,,,,,,,,
265,Spin-Up,"['2', '16', '18', '42', '98']",[], 2 16 18 42 98,FALSE,B1,5b+,0,0,,,,,,,,,,,,
266,The Mewlips,"['11', '37', '59', '92', '117']",[], 11 37 59 92 117,FALSE,B1,5b+,0,0,,,,,,,,,,,,
267,Dinorwic Rainbow,"['7', '28', '78', '88', '55', '81', '113', '57', '114']",[], 7 28 78A 88A 55 81 113B 57B 114,FALSE,B1,5b+,0,0,,,,,,,,,,,,
268,Has This Been Done Before?,"['8', '29', '54', '109', '107']",[], 8 29 54 109A 107,FALSE,B1,5b+,0,0,,,,,,,,,,,,
269,Jenga,"['7', '26', '77', '108', '106', '105']",[], 7 26 77A 108 106B 105,FALSE,B1,5b+,0,0,,,,,,,,,,,,
270,Ahab,"['7', '28', '77', '107']",[], 7 28 77A 107A,FALSE,B1,5b+,0,0,,,,,,,,,,,,
271,Recidivism,"['8', '29', '53', '78', '88', '110']",[], 8 29 53B 78B 88B 110,FALSE,B1,5b+,0,0,,,,,,,,,,,,
272,A Passing Sense of Loss,"['33', '10', '57', '84', '85', '113', '114']",[], 33 10 57B 84A 85B 113A 114A,FALSE,B1,5b+,0,0,,,,,,,,,,,,
273,The Sword Variation,"['10', '85', '114']","['10', '85']",(10 85) 114,TRUE,B1,5b+,0,0,,,,,,,,,,,,
274,'Cabbage',"['38', '58', '84', '86', '113', '113', '86']",[], 38C 58A 84B 86B 113A 113C 86E,FALSE,B1,5b+,0,0,,,,,,,,,,,,
275,The Sword,"['10', '33', '85', '114']",[], 10 33 85A 114A,FALSE,B1,5b+,0,0,,,,,,,,,,,,
276,Slap Up Dinner,"['24', '25', '26', '75', '107']",[], 24 25 26 75B 107A,FALSE,B1,5b+,0,0,,,,,,,,,,,,
277,Tom's Extension,"['4', '47', '5', '49', '6', '25', '24', '7', '28', '54', '30']","['4', '47']",(4 47) 5 49 6 25 24 7 28 54 30,TRUE,0,0,AAA,0,,,,,,,,,,,,
278,Hebrews 5.10,"['2', '16', '17', '64', '46', '99']",[], 2 16 17 64 46 99B,FALSE,B1,5b+,0,0,,,,,,,,,,,,
279,The Other Unnamed Problem,"['4', '19', '66', '17', '64', '15', '61']",[], 4 19A 66 17 64A 15C 61B,FALSE,B1,5b+,0,0,,,,,,,,,,,,
280,Crappy Fun Ball,"['4', '19', '48', '67', '69', '99']",[], 4B 19 48B 67A 69 99B,FALSE,B1,5b+,0,0,,,,,,,,,,,,
281,PARA,"['35', '36', '37', '85', '81', '112']",[], 35 36 37 85A 81 112A,FALSE,B1,5b+,0,0,,,,,,,,,,,,
282,Problem 3,"['2', '17', '18', '18', '64', '97', '99']",[], 2 17 18A 18B 64B 97A 99A,FALSE,B1,5b+,0,0,,,,,,,,,,,,
283,Right Hand Man,"['4', '19B', '46', '17', '18', '64B', '98', '99A']",[], 4B 19B 46 17 18 64B 98 99A,FALSE,B2,0,AAA,0,,,,,,,,,,,,
284,Hug The Wall,"['2', '16', '17', '44', '62', '98', '99']",[], 2 16 17 44A 62A 98 99B,FALSE,B1,5b+,0,0,,,,,,,,,,,,
285,The Sorcerer's Apprentice,"['7', '24', '51', '73', '23', '22', '105']","['7', '24', '51']",(7 24 51) 73B 23 22 105,TRUE,B1,5b+,0,0,,,,,,,,,,,,
286,Planet of the Apes,"['51', '7', '30', '82', '81', '113', '35', '115', '89', '117']","['51', '7']",(51 7) 30 82A 81 113C 35 115 89 117,TRUE,B1,5b+,0,0,,,,,,,,,,,,
287,Over the Rainbow,"['11', '36', 'arete', '89', '85', '32', '111', '82', '110', '107']",[], 11 36 arete 89 85 32 111B 82 110 107,FALSE,B2,5b+,0,0,,,,,,,,,,,,
288,Sven the Time Comes,"['10', '32', '86', '33', '83', '82', '111', '110']",[], 10 32 86B 33 83 82A 111B 110,FALSE,B2,5b+,0,0,,,,,,,,,,,,
289,Big boots and Flat Caps,"['31', '32', '8', '54', '52', '24', '73']",[], 31 32 8 54 52 24 73,FALSE,B2,5b+,0,0,,,,,,,,,,,,
290,Mmmmm. Fingery.,"['9', '10', '32', '30', '55', '88', '28', '107']",[], 9B 10 32 30 55 88A 28 107A,FALSE,B2,5b+,0,0,,,,,,,,,,,,
291,Kiss The Wall,"['2', '16', '44', '17', '62', '96', '99']",[], 2 16 44A 17 62A 96 99A,FALSE,B2,5b+,0,0,,,,,,,,,,,,
292,The Muppet Show,"['2', '16', '63', '98']",[], 2 16 63 98,FALSE,B1,5b+,0,0,,,,,,,,,,,,
293,"Harder, Faster","['2', '16', '63', 'girder']",[], 2 16 63 girder,FALSE,B2,5b+,0,0,,,,,,,,,,,,
294,Crushed Strawberry,"['4', '19', '66', '47', '67', '103']",[], 4 19B 66 47B 67 103,FALSE,B2,5b+,0,0,,,,,,,,,,,,
295,Serving Suggestion,"['5', '47', '20', '67', '99']","['5', '47']",(5 47) 20 67B 99B,TRUE,B2,5b+,0,0,,,,,,,,,,,,
296,Kinda'Lingers,"['4', '19', '46', '48', '69']",[], 4B 19B 46 48A 69,FALSE,B2,0,XXX,0,,,,,,,,,,,,
297,The Very Big and the Very Big,"['2', '16', '46', '4', '48', '73', '75']",[], 2 16 46 4A 48A 73B 75B,FALSE,B2,5b+,0,0,,,,,,,,,,,,
298,Shelve It,"['46', '99']",[], 46 99A,FALSE,B3,5b+,0,0,,,,,,,,,,,,
299,Beshelved,"['2', '16', '46', '99']",[], 2 16 46 99A,FALSE,B2,5b+,0,0,,,,,,,,,,,,
300,Grandes Jorasses,"['40', '42', '13', '15', '60', '94']","['40', '42', '13']",(40 42 13) 15A 60A 94,TRUE,B1,5c-,0,0,,,,,,,,,,,,
301,Action Crotch,"['4', '19', '18', '64', '15', '61', 'girder']",[], 4 19 18B 64A 15A 61B girder,FALSE,B1,5c-,0,0,,,,,,,,,,,,
302,Marshmallow Monster,"['6', '25', '24', '51', '75', '105']",[], 6 25 24 51 75B 105,FALSE,B1,5c-,0,0,,,,,,,,,,,,
303,Sleepy Hollow,"['11', '38', '34', '86', '115']",[], 11 38 34 86 115,FALSE,B1,5c-,0,0,,,,,,,,,,,,
304,Amplemuch,"['7', '26', '77', '106', '50', '105']",[], 7 26 77A 106A 50 105,FALSE,B1,5c-,0,0,,,,,,,,,,,,
305,The Word Is...,"['4', '19', '66', '45', '65', '99']",[], 4B 19B 66 45 65 99A,FALSE,B1,5c-,0,0,,,,,,,,,,,,
306,Tight Rope,"['4', '19', '47', '66', '101']",[], 4 19A 47 66 101,FALSE,B1,5c-,0,0,,,,,,,,,,,,
307,Hell's Bells,"['5', '6', '22', '23', '50', '69', '103']",[], 5 6 22 23 50 69A 103,FALSE,B1,5c-,0,0,,,,,,,,,,,,
308,Chaos Theory,"['7', '26', '51', '108', '105']",[], 7 26 51 108 105,FALSE,B1,5c-,0,0,,,,,,,,,,,,
309,Rock On,"['2', '16', '18', '44', '64', '97']",[], 2 16 18 44B 64A 97B,FALSE,B1,5c-,0,0,,,,,,,,,,,,
310,Spiky Big Angel,"['5', '22', '48', '72', '101']",[], 5 22 48A 72A 101A,FALSE,B1,5c-,0,0,,,,,,,,,,,,
311,Stone Monkey,"['30', '55', '56', '85', '115']","['30', '55', '56']",(30 55 56) 85 115,TRUE,B2,5c-,0,0,,,,,,,,,,,,
312,Billion Dollar Problem,"['2', '15', '44', '17', '64', '45', '99']","['2', '15', '44']",(2 15B 44A) 17 64B 45 99A,TRUE,B2,5c-,0,0,,,,,,,,,,,,
313,Get on the Good Foot,"['7', '51', '52', '6', '23', '49', '48', '70', '20']","['7', '51']",(7 51) 52 6 23A 49 48B 70 20,TRUE,B2,5c-,0,0,,,,,,,,,,,,
314,The Beards of Zeus,"['4', '5', '20', '22', '48', '67', '72', '103']",[], 4 5 20 22 48B 67B 72A 103B,FALSE,B2,5c-,0,0,,,,,,,,,,,,
315,Magic Moments,"['11', '38', '38', '89', '35', '115', '113', '56']",[], 11 38B 38C 89 35 115 113A 56,FALSE,B2,5c-,0,0,,,,,,,,,,,,
316,Icarus,"['11', '36', '38', '85', '32', '112']",[], 11 36 38 85 32 112,FALSE,B2,5c-,0,0,,,,,,,,,,,,
317,Fandangle,"['4', '5', '20', '48', '69', '101']",[], 4 5 20 48 69 101,FALSE,B2,5c-,0,0,,,,,,,,,,,,
318,Ape Index,"['4', '19', '20', '47', '67', '72', '103']",[], 4 19 20 47B 67A 72A 103B,FALSE,B2,5c-,0,0,,,,,,,,,,,,
319,Troubled Times,"['6', '22', '23', '48', '5', '4', '47', '45', '17', '64', '97']",[], 6 22 23 48A 5 4B 47A 45 17 64A 97B,FALSE,B2,5c-,0,0,,,,,,,,,,,,
320,Zig-Zag,"['34', '35', '57', '84', '83', '81', '113', '114']","['34', '35', '57']",(34 35 57) 84 83 81 113 114,TRUE,B2,5c-,0,0,,,,,,,,,,,,
321,Mines of Moria,"['27', '28', '79', '79', '107']",[], 27 28 79B 79C 107A,FALSE,B2,5c-,0,0,,,,,,,,,,,,
322,Jedi Master,"['7', '26', '53', '76', '107']",[], 7 26 53B 76A 107A,FALSE,B2,5c-,0,0,,,,,,,,,,,,
323,Khazad-DÅ«m,"['27', '28', '77', '107']",[], 27 28 77A 107A,FALSE,B2,5c-,0,0,,,,,,,,,,,,
324,The Adventure of the Dancing Men,"['9', '30', '57', '10', '56', '113', '113', '111', '115', '89', '117']",[], 9 30 57 10 56 113A 113B 111 115 89 117,FALSE,B3,5c-,0,0,,,,,,,,,,,,
325,The Happy World of Haribo,"['11', '36', '37', '87', '91', '116', '117']",[], 11 36 37 87 91B 116A 117,FALSE,B3,5c-,0,0,,,,,,,,,,,,
326,Revenge of the Tall Man,"['15', '2', '42', '61', '97']",[], 15A 2 42 61B 97B,FALSE,B1,5c,0,0,15a,"First ascent by Dave Hofer, H00, with the sit start added by Adrian Baugh. Good climbing, but the shorter people soon get their own revenge with the variation ""Tall Man Rides a Shovelhead"".",,,,,,,,,,
327,Not Another Slot,"['4', '19', '20', '66', '72', '23', '74b', '106', '109', '52', '51']",[], 4B 19B 20 66 72B 23 74b 106A 109A 52 51,FALSE,B1,5c,0,0,,,,,,,,,,,,
328,Square Dance,"['5', '20', '49', '69', '73', 'girder']",[], 5 20 49 69 73A girder,FALSE,B1,5c,0,0,,,,,,,,,,,,
329,Pop Tart,"['5', '22', '23', '50', '68', '104']",[], 5 22 23A 50 68 104,FALSE,B1,5c,0,0,,,,,,,,,,,,
330,No Angel,"['5', '22', '70', '103']",[], 5 22 70B 103,FALSE,B1,5c,0,0,,,,,,,,,,,,
331,Ali G Direct,"['30', '55', '81', '110']",[], 30 55 81 110,FALSE,B1,5c,0,0,,,,,,,,,,,,
332,Lina & Steve's Problem,"['30', '55', '28', '79', '109', '107']",[], 30 55 28 79B 109C 107B,FALSE,B1,5c,0,0,,,,,,,,,,,,
333,'Iffley 5b',"['10', '33', '84', '113', '114']","['10', '33']",(10 33) 84A 113B 114A,TRUE,0,5b,0,0,,,,,,,,,,,,
334,Hooked,"['10', '33', '86', '34', '85', '113']",[], 10 33 86E 34 85B 113A,FALSE,B1,5c,0,0,,,,,,,,,,,,
335,Of Casual Ties & Missed Opportunities,"['9', '31', '32', '57', '30', '84', '113', '81', '55', '110']","['9', '31', '32']",(9 31 32) 57B 30 84A 113B 81 55 110,TRUE,0,0,0,0,,,,,,,,,,,,
336,Pipe Dream,"['32', '35', '57', '83', '113']","['32', '35', '57']",(32 35 57A) 83 113B,TRUE,B1,5c,0,0,,,,,,,,,,,,
337,Enigma,"['3', '18', '45', '44', '98']",[], 3 18 45 44B 98,FALSE,B2,5c,0,0,,,,,,,,,,,,
338,Great and Secret,"['arete', '1', '14', '15', '39', '41', '63', 'girder']",[], arete 1 14 15 39 41B 63 girder,FALSE,B2,5c,0,0,lh_arete,"First ascent by Steve Broadbent, 2012. Tricky arete-based antics from the 2012 competition.",2,0,0,0,0,0,0,0,0,0
339,The Running Man,"['arete', '11', '34', '85', '114']",[], arete 11 34 85 114,FALSE,0,0,AAA,0,,,,,,,,,,,,
340,November Rain,"['2', '16', '42', '98']",[], 2 16 42 98,FALSE,B2,5c,0,0,,,,,,,,,,,,
341,Blair Witch for Beginners,"['8', '28', '24', '52', '73', '49', '105']",[], 8 28 24 52 73B 49 105,FALSE,B2,5c,0,0,,,,,,,,,,,,
342,Problem X,"['2', '17', '18', '43', '13', '40', '95', '94']",[], 2 17 18 43 13 40 95C 94B,FALSE,B2,5c,0,0,,,,,,,,,,,,
343,Naked,"['17', '18', '63', '97']",[], 17 18 63 97A,FALSE,B2,5c,0,0,,,,,,,,,,,,
344,Wade's World,"['10', '34', '35', '85', '113', '55', '110']",[], 10 34 35 85B 113B 55 110,FALSE,B2,5c,0,0,,,,,,,,,,,,
345,All American,"['46', '3', '4', '99']","['46', '3', '4']",(46 3 4) 99A,TRUE,0,0,0,5.10a,,,,,,,,,,,,
346,Hybrid Birth,"['4', '5', '20', '47', '67', '103']",[], 4 5 20 47A 67B 103B,FALSE,B2,5c,0,0,,,,,,,,,,,,
347,The Unnamed Comp Problem,"['6', '25', '52', '74', '107']",[], 6 25 52 74B 107A,FALSE,B2,5c,0,0,,,,,,,,,,,,
348,Waggledance,"['4', '20', '68', '22', '65', '45', '98', '62']",[], 4B 20 68 22A 65 45 98 62,FALSE,B2,5c,0,0,,,,,,,,,,,,
349,Mack the Knife,"['8', '28', '53', '78', '108']",[], 8 28 53 78 108,FALSE,B2,5c,0,0,,,,,,,,,,,,
350,Skye Bridge,"['11', '37', '34', '35', '85', '113', '55', '110']",[], 11 37 34 35 85 113 55 110,FALSE,B2,5c,0,0,,,,,,,,,,,,
351,The Manhattan Project,"['4', '19', '66', '71', '23', '52', '74', '106', '105']",[], 4B 19A 66 71B 23A 52 74 106A 105,FALSE,B2,5c,0,0,,,,,,,,,,,,
352,Let's Twist Again (Like we did last Fall),"['66', '4', '48', '20', '23', '73', '52', '105']","['66', '4', '48']",(66 4B 48A) 20 23A 73B 52 105,TRUE,B2,5c,0,0,,,,,,,,,,,,
353,Geomorph,"['7', '28', '79', '75', '107', '105']",[], 7 28 79A 75A 107 105,FALSE,B2,5c,0,0,,,,,,,,,,,,
354,Marking Time,"['2', '15', '14', '43', '41', '62', '15', '95', '40', '94']","['2', '15', '14', '43']",(2 15B 14B 43) 41B 62B 15C 95A 40A 94B,TRUE,B2,5c,0,0,,,,,,,,,,,,
355,C2,"['11', '37', '10', '32', '84', '81']",[], 11 37 10 32 84B 81,FALSE,B2,5c,0,0,,,,,,,,,,,,
356,Don't Even Think of it,"['11', '37', '10', '86', '85', '57', '114']",[], 11 37 10 86B 85A 57B 114A,FALSE,B2,5c,0,0,,,,,,,,,,,,
357,Jerry's Lunge,"['17', '18', '96']","['17', '18']",(17 18) 96,TRUE,B2,5c,0,0,,,,,,,,,,,,
358,Season's Greetings,"['2', '18', '43', '40', '13', '60', '94']",[], 2 18A 43 40B 13 60 94A,FALSE,B2,5c,0,0,,,,,,,,,,,,
359,The Zen of Climbing,"['2', '16', '14', '43', '62', '96']",[], 2 16 14B 43 62A 96A,FALSE,B2,5c,0,0,,,,,,,,,,,,
360,F***ing Maths,"['10', '32', '57', '83', '114']",[], 10 32 57 83A 114B,FALSE,B2,5c,0,0,,,,,,,,,,,,
361,The Nose,"['9', '30', '56', '81', '110']",[], 9 30 56 81 110,FALSE,B2,5c,0,0,,,,,,,,,,,,
362,Oktoberfest,"['9', '30', '57', '82', '28', '78', '107']",[], 9 30 57A 82A 28 78A 107,FALSE,B2,5c,0,0,,,,,,,,,,,,
363,Iffleymas,"['9', '30', '55', '85', '115']",[], 9 30 55 85 115,FALSE,B2,5c,0,0,,,,,,,,,,,,
364,Unnamed Chris Problem,"['9', '30', '84', '81', '110']",[], 9 30 84 81 110,FALSE,B2,5c,0,0,,,,,,,,,,,,
365,Black Monday,"['32', '30', '82', '113', '112']",[], 32 30 82B 113A 112A,FALSE,B2,5c,0,0,,,,,,,,,,,,
366,The Matrix,"['4', '20', '48', '73', '52', '105']",[], 4 20 48A 73B 52 105,FALSE,B2,5c,0,0,,,,,,,,,,,,
367,Problem 0,"['48', '5', '6', '22', '25', '26', '52', '108', '105']","['48', '5', '6']",(48A 5 6) 22A 25 26 52 108 105,TRUE,B2,5c,0,0,,,,,,,,,,,,
368,Klettern Macht Frei,"['8', '29', '79', '55', '111', '110']",[], 8 29 79A 55 111B 110,FALSE,B2,5c,0,0,,,,,,,,,,,,
369,New Beginnings,"['8', '9', '29', '30', '82', '108']",[], 8 9A 29A 30 82B 108,FALSE,B2,5c,0,0,,,,,,,,,,,,
370,"Finga Busta, Nee kAPPA","['8', '29', '54', '110']",[], 8 29 54 110,FALSE,B2,5c,0,0,,,,,,,,,,,,
371,Judean People's Front Crack Suicide Squad,"['29', '30', '8', '9', '82', '76', '52', '105']",[], 29 30 8 9A 82A 76 52 105,FALSE,B2,5c,0,0,,,,,,,,,,,,
372,Luke's Crimptastic Extension,"['8', '29', '53', '82', '29', '109', '55', '111', '112']","['8', '29', '53', '82']",(8 29B 53B 82A) 29A 109C 55 111A 112A,TRUE,B2,5c,0,0,,,,,,,,,,,,
373,Crimptastic,"['8', '53', '82', '29', '109']","['8', '53', '82']",(8 53B 82A) 29A 109C,TRUE,B2,5c,0,0,,,,,,,,,,,,
374,High Tension,"['5', '20', '47', '66', '99']",[], 5 20 47 66 99B,FALSE,B2,5c,0,0,,,,,,,,,,,,
375,Dyno 10,"['29', '30', '55', '109']","['29', '30', '55']",(29 30 55) 109,TRUE,B2,5c,0,0,,,,,,,,,,,,
376,Every Which Way But Up,"['9', '10', '32', '35', '86', 'girder']",[], 9 10 32 35 86 girder,FALSE,B2,5c,0,0,,,,,,,,,,,,
377,Strong Like Spider Monkey,"['9', '32', '85', '112']",[], 9 32 85 112,FALSE,B2,5c,0,0,,,,,,,,,,,,
378,The Salmon Slap,"['32', '30', '31', '55', '29', '109', '108', '51', '105']",[], 32 30 31 55 29 109 108 51 105,FALSE,B2,5c,0,0,,,,,,,,,,,,
379,Groan Variation to Gormenghast,"['10', '32', '57', '83', '110']",[], 10 32 57A 83 110,FALSE,B2,5c,0,0,,,,,,,,,,,,
380,Honest,"['54', '32', '8', '31', '30', '57', '35', '81']","['54', '32', '8', '31']",(54 32 8 31) 30 57A 35 81,TRUE,B2,5c,0,0,,,,,,,,,,,,
381,Gulf Air,"['8', '29', '54', '81', '113']",[], 8 29A 54 81 113B,FALSE,B2,5c,0,0,,,,,,,,,,,,
382,Half Pebble Slab,"['48', '47', '67', '103']",[], 48A 47B 67A 103B,FALSE,B2,5c,0,0,,,,,,,,,,,,
383,PARC Analysis,"['arete', '1', '14', '42', '62', '98']",[], arete 1 14B 42 62A 98,FALSE,B2,5c,0,0,lh_arete,"A classic, set by Martyn Beardsley H01, first ascent by Steve Broadbent. The original 6a grade overstates the problem's difficulty if the feet are used correctly. The name was a response to Adrian's PARA, but this time the 'C' doesn't stand for Californian!",3,0,0,TRUE,0,TRUE,0,0,TRUE,0
384,Mike's Problem,"['9', '30', '55', '84', '34', '87', '36', 'arete', '38', '117']",[], 9B 30 55 84B 34 87 36 arete 38 117,FALSE,B2,5c,0,0,,,,,,,,,,,,
385,New Dimension,"['7', '26', '25', '75', '105']",[], 7 26 25 75B 105,FALSE,B2,5c,0,0,,,,,,,,,,,,
386,Goldfinger,"['7', '26', '53', '29', '78', '80', '109', '110']",[], 7 26 53B 29B 78A 80 109C 110,FALSE,B2,5c,0,0,,,,,,,,,,,,
387,Noblesse Oblige,"['7', '26', '77', '107']",[], 7 26 77A 107A,FALSE,B2,5c,0,0,,,,,,,,,,,,
388,Masters of Stone,"['7', '26', '51', '73', '107']",[], 7 26 51 73B 107A,FALSE,B2,5c,0,0,,,,,,,,,,,,
389,'Weg!' said Zebedee,"['9', '32', '34', '86', '112']",[], 9B 32 34 86B 112B,FALSE,B2,5c,0,0,,,,,,,,,,,,
390,Minke Variation,"['8', '29', '82', '51', '105']","['8', '29', '82']",(8 29A 82A) 51 105,TRUE,B2,5c,0,0,,,,,,,,,,,,
391,Ambiguity,"['2', '16', '43', '14', '41', 'arete', '40', '94']",[], 2 16 43 14B 41A arete 40A 94B,FALSE,B3,5c,0,0,,,,,,,,,,,,
392,Shopping List,"['3', '17', '19', '45', '67', '47', '100', '72', '50', '74', '105']",[], 3 17 19B 45 67A 47B 100A 72 50 74A 105,FALSE,B3,5c,0,0,,,,,,,,,,,,
393,Into the Blue,"['7', '26', '75', 'girder']",[], 7 26 75B girder,FALSE,B3,5c,AAA,0,,,,,,,,,,,,
394,Once Upon a time in Devon,"['7', '28', '52', '6', '49', '50', '23', '72', '48', '101']",[], 7 28 52 6 49 50 23 72A 48A 101B,FALSE,B3,5c,0,0,,,,,,,,,,,,
395,"Swing like a Monkey, Part 1","['2', '18', '17', '46', '19', '69', '99']",[], 2 18B 17 46 19B 69A 99B,FALSE,B3,5c,0,0,,,,,,,,,,,,
396,"Swing like a Monkey, Part 2","['2', '18', '17', '46', '19', '69', '48', '104', 'girder']",[], 2 18B 17 46 19B 69 48A 104A girder,FALSE,B3,5c,0,0,,,,,,,,,,,,
397,Slap Direct,"['29', '30', '55', '110']","['29', '30', '55']",(29 30 55) 110,TRUE,B3,5c,0,0,,,,,,,,,,,,
398,Korfball,"['9', '10', '30', '33', '84', '86', '113', '114']",[], 9 10 30 33 84B 86D 113B 114A,FALSE,B3,5c,0,0,,,,,,,,,,,,
399,Playing with Fire,"['10', '35', '57', '83', '30', '113', '112']",[], 10 35 57 83A 30 113C 112A,FALSE,B3,5c,0,0,,,,,,,,,,,,
400,The Final Problem,"['11', '38', '86', '86', '34', '84', '32', '113', '55', '111', '54', '109', '51', '106', '50']",[], 11 38 86C 86D 34 84A 32 113A 55 111B 54 109A 51 106A 50,FALSE,B3,5c,0,0,,,,,,,,,,,,
401,Pembroke Rejects,"['8', '29', '79', '81', '109', '109', '112']",[], 8 29 79B 81 109A 109B 112A,FALSE,B3,5c,0,0,,,,,,,,,,,,
402,Minke Variation with sit start,"['8', '29', '82', '51', '105']",[], 8 29A 82A 51 105,FALSE,B3,5c,0,0,,,,,,,,,,,,
403,Starburst,"['10', '33', '85', '83', '112']",[], 10 33 85 83 112A,FALSE,B3,5c,0,0,,,,,,,,,,,,
404,The A-Team,"['8', '29', '82', '109']",[], 8 29A 82A 109A,FALSE,B3,5c,0,0,,,,,,,,,,,,
405,Mutant,"['11', '37', '92', '117']",[], 11 37 92 117,FALSE,B3,5c,0,0,,,,,,,,,,,,
406,What?!?!,"['4', '20', '46', '71', '23', '75', '26', '108']",[], 4 20 46 71A 23 75 26 108,FALSE,B3,5c,0,0,,,,,,,,,,,,
407,Bat out of Hell,"['8', '29', '54', '30', '56', '111', '113', '114']",[], 8 29A 54 30 56 111A 113B 114A,FALSE,B3,5c,0,0,,,,,,,,,,,,
408,Sloe Tango in Paris,"['8', '29', '54', '51', '76', '107']",[], 8 29A 54 51 76C 107,FALSE,B3,5c,0,0,,,,,,,,,,,,
409,Iffley Cawling,"['4', '5', '20', '48', '100', '104']",[], 4 5 20 48A 100A 104A,FALSE,B4,5c,0,0,,,,,,,,,,,,
410,Analogue,"['5', '20', '48', '72', '101']",[], 5 20 48A 72B 101A,FALSE,B2,5c+,0,0,,,,,,,,,,,,
411,Digital,"['8', '28', '53', '76', '107']",[], 8 28 53 76B 107A,FALSE,B2,5c+,0,0,,,,,,,,,,,,
412,SuperB,"['2', '15', '15', '96']",[], 2 15 15B 96,FALSE,B2,5c+,0,0,,,,,,,,,,,,
413,The Bat,"['46', '3']",[], 46 3,FALSE,B4,0,AAA,0,,,,,,,,,,,,
414,The Apes of Wrath,"['10', '34', '35', '86', '85', '113']",[], 10 34 35 86B 85B 113A,FALSE,B2,5c+,0,0,,,,,,,,,,,,
415,Dyno 11,"['34', '36', '58', '116']","['34', '36', '58']",(34 36 58) 116,TRUE,B2,5c+,0,0,,,,,,,,,,,,
416,Fish & Chips,"['27', '28', '107']",[], 27 28 107B,FALSE,B2,5c+,0,0,,,,,,,,,,,,
417,Samurai,"['20', '68', '100', '101']",[], 20 68 100A 101B,FALSE,B2,5c+,0,0,,,,,,,,,,,,
418,Back to the Future Part 2,"['27', '28', '79', '109']",[], 27 28 79B 109C,FALSE,B2,5c+,0,0,,,,,,,,,,,,
419,Mint Aero,"['26', '51', '107']","['26', '51']",(26 51) 107A,TRUE,B2,5c+,0,0,,,,,,,,,,,,
420,Heinous Man-Beast,"['27', '28', '108']","['27', '28']",(27 28) 108,TRUE,B2,5c+,0,0,,,,,,,,,,,,
421,Partially Re-Hydrated Dried Fruit,"['1', '15', '41', '61', '16', '98']",[], 1 15A 41 61 16 98,FALSE,B1,5c+,0,0,left_end,"First ascent by Paul Cooper, H01. The culmination of attempts to find a problem that the ""medium height people"" couldn't do! If you're tall it's easy (4c) but if you can't reach across to 98 then the problem takes on a whole new level of interest.",0,0,TRUE,0,0,0,0,0,0,0
422,Titney Spears,"['1', '39', '15', '2', '16', '18', '3', '19', '4', '48', '5', '6', '25', '26', '51']",[], 1 39A 15A 2 16 18A 3 19 4B 48A 5 6 25 26 51,FALSE,B3,5c+,0,0,15a,"A rarely climbed traverse, posted by Zorro.",0,0,0,0,0,0,0,0,0,0
423,Dyno 8,"['48', 'girder']",[], 48 girder,FALSE,B3,5c+,0,0,,,,,,,,,,,,
424,Path,"['8', '29', '54', '77', '108', '105']",[], 8 29 54 77B 108 105,FALSE,B3,5c+,0,0,,,,,,,,,,,,
425,Twisted Fire Starter,"['10', '33', '57', '83', '113', '112']",[], 10 33 57A 83A 113C 112A,FALSE,B3,5c+,0,0,,,,,,,,,,,,
426,This is a Low,"['8', '29', '54', '77', '108', '105']",[], 8 29 54 77A 108 105,FALSE,B3,5c+,0,0,,,,,,,,,,,,
427,H is for Handcuffs,"['9', '30', '55', '28', '53', '107']",[], 9B 30 55 28 53C 107A,FALSE,B3,5c+,0,0,,,,,,,,,,,,
428,Till her Daddy Takes her T-bird Away!,"['7', '8', '29', '53', '75', '25', '105']",[], 7 8 29 53B 75B 25 105,FALSE,B3,5c+,0,0,,,,,,,,,,,,
429,The Pequod,"['7', '28', '25', '75', '105']",[], 7 28 25 75A 105,FALSE,B3,5c+,0,0,,,,,,,,,,,,
430,Sending 5.11,"['8', '29', '77', '109', '110']",[], 8 29 77 109 110,FALSE,B3,5c+,0,0,,,,,,,,,,,,
431,Elvis has left the Building,"['29', '110']",[], 29A 110,FALSE,0,5c+,AAA,0,,,,,,,,,,,,
432,Guns; Lots of Guns!,"['8', '26', '53', '80', '110']",[], 8 26 53 80 110,FALSE,B3,5c+,0,0,,,,,,,,,,,,
433,Nantucket Sleigh Ride,"['8', '55', '29', '82', '51', '105']",[], 8 55 29B 82A 51 105,FALSE,B3,5c+,0,0,,,,,,,,,,,,
434,Twister Variation,"['66', '4', '20', '23', '73', '52', '105']","['66', '4']",(66 4B) 20 23A 73B 52 105,TRUE,B3,5c+,0,0,,,,,,,,,,,,
435,The Matrix Reloaded,"['4', '20', '48', '73', '105']",[], 4 20 48A 73B 105,FALSE,B3,5c+,0,0,,,,,,,,,,,,
436,Resurrection,"['4', '5', '20', '47', '67', '73', '50', '104']",[], 4B 5 20 47A 67B 73A 50 104A,FALSE,B3,5c+,0,0,,,,,,,,,,,,
437,The Tensor,"['5', '20', '23', '49', '25', '50', '75', '105']",[], 5 20 23 49 25 50 75A 105,FALSE,B3,5c+,0,0,,,,,,,,,,,,
438,Hate Mail,"['11', '38', '58', '91', '117']",[], 11 38 58B 91 117,FALSE,B3,5c+,0,0,,,,,,,,,,,,
439,Chemically Insane,"['5', '22', '48', '47', '71', '101']",[], 5 22A 48B 47B 71B 101B,FALSE,B3,5c+,0,0,,,,,,,,,,,,
440,Greased Lightning,"['5', '22', '70', '68', '103']",[], 5 22 70A 68 103B,FALSE,B3,5c+,0,0,,,,,,,,,,,,
441,Which Witch,"['6', '7', '25', '77', '76', '53', '108', '110']",[], 6 7 25 77 76A 53B 108 110,FALSE,B3,5c+,0,0,,,,,,,,,,,,
442,The Wicked Witch of the West,"['6', '23', '50', '26', '54', '108', '110']",[], 6 23A 50 26 54 108 110,FALSE,B3,5c+,0,0,,,,,,,,,,,,
443,Immortality Factor : Zero,"['6', '23', '49', '50', '72', '104']",[], 6 23 49 50 72A 104A,FALSE,B3,5c+,0,0,,,,,,,,,,,,
444,The Tactile Variation,"['2', '14', '15', '40', '41', '63', '95', '94']",[], 2 14 15A 40A 41B 63 95B 94B,FALSE,B3,5c+,0,0,lh_arete,"First ascent by Katja Broadbent, M06. This excellent variation on ""The Bad Touch"" features the same technical moves as the original, but can be climbed  by shorter climbers who may not be able to reach 62B. After a strenuous sit-start, strong fingers and good body-positioning are rquired for the brilliant upper moves.",2,TRUE,0,TRUE,0,0,0,TRUE,0,0
445,The Empty House,"['4', '19', '47', '5', '6', '49', '50', '25', '72', '104']",[], 4B 19A 47 5 6 49 50 25 72B 104A,FALSE,B3,5c+,0,0,,,,,,,,,,,,
446,The Bad Touch,"['2', '14', '15', '40', '41', '62', '95', '94']",[], 2 14 15A 40A 41B 62B 95B 94B,FALSE,B3,5c+,0,0,15a,"Set by Steve & Huw, M00. A fine line, hard at the grade, with superbly delicate climbing requiring finger strength and balance. One of the calssic problems from a goldern era of Iffley bouldering.",2,0,0,TRUE,0,0,0,TRUE,1,0
447,Clocks go Back,"['5', '20', '21', '70', '46', '99']",[], 5 20 21 70A 46 99A,FALSE,B3,5c+,0,0,,,,,,,,,,,,
448,Utarefson,"['3', '19', '47', '67', '99']",[], 3 19 47A 67A 99A,FALSE,B3,5c+,0,0,,,,,,,,,,,,
449,The Matrix Inverted,"['7', '26', '52', '73', '48', '101']",[], 7 26 52 73B 48A 101B,FALSE,B3,5c+,0,0,,,,,,,,,,,,
450,Deadpoint,"['11', '37', '34', '35', '86', '32', '113']",[], 11 37 34 35 86C 32 113B,FALSE,B3,5c+,0,0,,,,,,,,,,,,
451,Great Northern,"['7', '28', '79', '107']",[], 7 28 79B 107B,FALSE,B3,5c+,0,0,,,,,,,,,,,,
452,Dance of the Electric Penguin,"['9', '10', '32', '34', '35', '87', '113']",[], 9 10 32 34 35 87 113B,FALSE,B3,5c+,0,0,,,,,,,,,,,,
453,Round The Twist,"['66', '4', '20', '73', '52', '105']","['66', '4']",(66 4B) 20 73B 52 105,TRUE,B4,5c+,0,0,,,,,,,,,,,,
454,The Leap from Wu-Dang Mountain,"['7', '26', '51', '29', '54', '31', '85']",[], 7 26 51 29 54 31 85A,FALSE,B4,5c+,0,0,,,,,,,,,,,,
455,The Leap of the Long Sheep,"['7', '28', '51', '24', '73', '48', '4', '46', '17', '16', '42', '14', 'arete']",[], 7 28 51 24 73B 48A 4 46 17 16 42 14 arete,FALSE,B4,5c+,0,0,,,,,,,,,,,,
456,Voyager,"['24', '25', '50', '72', 'girder']",[], 24 25 50 72B girder,FALSE,B4,5c+,0,0,,,,,,,,,,,,
457,Jacobian,"['4', '19', '48', '73', '103']",[], 4 19B 48A 73A 103B,FALSE,B4,5c+,0,0,,,,,,,,,,,,
458,Wedding Hell,"['4', '19', '48', '67', '100', '103']",[], 4 19B 48A 67B 100B 103B,FALSE,B4,5c+,0,0,,,,,,,,,,,,
459,Philadelphia,"['7', '25', '26', '52', '106', '107']",[], 7 25 26 52 106B 107A,FALSE,B4,5c,0,0,,,,,,,,,,,,
460,Too Funky in Here,"['51', '7', '6', '49', '48', '48', '5', '46']","['51', '7']",(51 7) 6 49 48B 48A 5 46,TRUE,B2,6a-,0,0,,,,,,,,,,,,
461,Ortho,"['6', '22', '23', '73', '105']",[], 6 22 23 73B 105,FALSE,B3,6a-,0,0,,,,,,,,,,,,
462,Dawes Rides a Sabretooth,"['arete', '1', '60', '93', '94']",[], arete 1 60A 93 94B,FALSE,B3,6a-,0,0,lh_arete,"First ascent by Matt Titterington, H15. A powerful pinch in 93 will help. Eliminating 93 gives the much more challenging ""Dawes Rides a Tiger"" (B4 6a), fa. Mike Pearson H15.",1,0,0,TRUE,0,TRUE,0,0,0,0
463,Schmolds,"['19', '46', '64', '63', '62', '15', 'girder']",[], 19B 46 64A 63 62 15C girder,FALSE,B3,6a-,0,0,,,,,,,,,,,,
464,The Spark that set the Flame,"['13', '40', '41', '94']","['13', '40']",(13 40A) 41A 94B,TRUE,B3,6a-,0,0,left_end,"First ascent by Huw Jenkins, H01. A variation on Adrian's Spark of Obsession. 41A is undercut only.",1,0,0,TRUE,0,0,0,TRUE,0,0
465,Dawes Rides a Tigress,"['arete', '1', '12', '60', '93', '94']",[], arete 1 12 60A 93 94B,FALSE,B3,6a-,0,0,lh_arete,"First climbed by Adrian Baugh, H01. After a crucial chip broke on the arête this problem became slightly harder., but has been repeated dynamically by Geoff Hannis at 6a. Named after a quote in the Moonlight Tandoori by a certain well known climber…",1,0,1,0,0,0,0,0,0,0
466,There is no Spoon,"['arete', '11', '38', '58', '116', '117']",[], arete 11 38A 58B 116B 117,FALSE,B3,6a-,0,0,,,,,,,,,,,,
467,Sith Lord,"['7', '26', '53', '76', '107']",[], 7 26 53A 76C 107A,FALSE,B3,6a-,0,0,,,,,,,,,,,,
468,Soft Fleshy Bodies,"['11', '36', 'arete', '90', '86', '86', '33', '84', '113', '114']",[], 11 36 arete 90B 86B 86D 33 84A 113B 114A,FALSE,B3,6a-,0,0,,,,,,,,,,,,
469,"Hail ye, Bob!","['26', '51', '105']","['26', '51']",(26 51) 105,TRUE,B3,6a-,0,0,,,,,,,,,,,,
470,Tall Man Rides a Shovelhead,"['2', '16', '42', '61', '97']",[], 2 16 42 61B 97B,FALSE,B4,6a-,0,0,,,,,,,,,,,,
471,The Very Small and the Very Small,"['2', '16', '17', '98']",[], 2 16 17 98,FALSE,B4,6a-,0,0,,,,,,,,,,,,
472,Moby Dick,"['7', '28', '75', '73', '48', '103']",[], 7 28 75A 73B 48B 103B,FALSE,B4,6a-,0,0,,,,,,,,,,,,
473,Osmosis,"['9', '30', '56', '10', '36', '90', '38', '117']",[], 9 30 56 10 36 90A 38A 117,FALSE,B4,6a-,0,0,,,,,,,,,,,,
474,The Blair Witch Project,"['6', '7', '25', '49', '73', '105']",[], 6 7 25 49 73B 105,FALSE,B4,6a-,0,0,,,,,,,,,,,,
475,Rum Doodle,"['10', '33', '11', '38', '89', 'arete', '117']",[], 10 33 11 38 89 arete 117,FALSE,B4,6a-,0,0,,,,,,,,,,,,
476,Pomp and Circumstance,"['6', '23', '22', '73', '47', '67', '101', '45', '98']",[], 6 23 22 73B 47 67B 101A 45 98,FALSE,B4,6a-,0,0,,,,,,,,,,,,
477,Irish Jig,"['10', '34', '35', '58', '83', '30', '55', '110']",[], 10 34 35 58A 83 30 55 110,FALSE,B4,6a-,0,0,,,,,,,,,,,,
478,A Square Stitch Project,"['24', '25', '73, 105']",[]," 24 25 73B, 105",FALSE,B4,6a-,0,0,,,,,,,,,,,,
479,The Four Minute Mile,"['7', '26', '51', '73', '48', '66', '46', '64', '96']",[], 7 26 51 73B 48A 66 46 64A 96B,FALSE,B5,6a-,0,0,,,,,,,,,,,,
480,Blubby Hell,"['8', '29', '56', '88', '32', '113']",[], 8 29A 56 88B 32 113B,FALSE,B3,6a,0,0,,,,,,,,,,,,
481,Bahrain,"['6', '23', '50', 'girder']",[], 6 23A 50 girder,FALSE,B3,6a,0,0,,,,,,,,,,,,
482,SCT,"['6', '23', '22', '48', '73', '101']",[], 6 23 22A 48A 73B 101A,FALSE,B4,6a,0,0,,,,,,,,,,,,
483,Apollo,"['24', '25', '50', 'girder']",[], 24 25 50 girder,FALSE,B4,6a,0,0,,,,,,,,,,,,
484,Throbbing Heart of Steel,"['11', '36', 'arete', '85', '115', '114']",[], 11 36 arete 85A 115 114A,FALSE,B4,6a,0,0,,,,,,,,,,,,
485,Wedding Well,"['7', '26', '53', '80', '30', '83', '57', '113', '114']",[], 7 26 53A 80 30 83B 57B 113B 114A,FALSE,B4,6a,0,0,,,,,,,,,,,,
486,Bite Your Toenails,"['4', '19', '5', '47', '70', '49', '72', '106', '52', '107']",[], 4B 19B 5 47A 70B 49 72A 106B 52 107A,FALSE,B4,6a,0,0,,,,,,,,,,,,
487,A Finger of Fudge is Just Enough,"['9', '30', '56', '10', '36', '37', '90', '117']",[], 9B 30 56 10 36 37 90A 117,FALSE,B4,6a,0,0,,,,,,,,,,,,
488,Pete's Problem,"['7', '26', '51', '73', '69', '47', '99']",[], 7 26 51 73B 69 47B 99B,FALSE,B4,6a,0,0,,,,,,,,,,,,
489,The Fallen,"['8', '29', '51', '105']",[], 8 29 51 105,FALSE,B5,6a,0,0,,,,,,,,,,,,
490,Spark of Obsession,"['12', '13', '40', '41', '41', '95']","['12', '13', '40']",(12 13 40A) 41B 41A 95C,TRUE,0,0,0,Font 6a,left_end,"First ascent by Adrian Bough, H01. Set after speeding back from Fontainebleau to Iffley in 9 1/2 hours, thus taking two of the world's premier bouldering venues in one day! 41A is undercut only.",1,0,0,TRUE,0,0,0,TRUE,0,0
491,Sweetness Personified,"['7', '26', '78', '8', '82', '30', '31', '84', '113', '55', '110']",[], 7 26 78B 8 82A 30 31 84A 113A 55 110,FALSE,B5,6a,XXX,0,,,,,,,,,,,,
492,Event Horizon,"['7', '26', '75', '108', '110']",[], 7 26 75B 108 110,FALSE,B5,6a,XXX,0,,,,,,,,,,,,
493,Jump,"['9', '30', '34', '57', '86', '115', '112']",[], 9 30 34 57 86B 115 112,FALSE,B5,6a,XXX,0,,,,,,,,,,,,
494,Meeples,"['3', '45', '4', '20', '67', '71', '50', '23', '74', '105']","['3', '45']",(3 45) 4B 20 67B 71B 50 23A 74A 105,TRUE,B5,6a,XXX,0,,,,,,,,,,,,
495,Zebedee's Torment,"['9', '10', '32', '86', '112', '82', '110']",[], 9 10 32 86B 112 82 110,FALSE,B5,6a,XXX,0,,,,,,,,,,,,
496,The Psychic Psquirrel,"['8', '29', '53', '82', '109', '55', '112']",[], 8 29 53B 82A 109C 55 112A,FALSE,B5,6a,XXX,0,,,,,,,,,,,,
497,The First Matrix Revolution,"['4', '20', '48', '73', '52', '105']",[], 4 20 48B 73B 52 105,FALSE,B5,6a,XXX,0,,,,,,,,,,,,
498,Aviation,"['7', '26', '51', '77', 'girder']","['7', '26', '51', '77']",(7 26 51 77) girder,TRUE,B6,6a,0,0,,,,,,,,,,,,
499,Elastic Trickery,"['7', '28', '53', '108']",[], 7 28 53B 108,FALSE,B3,6a+,0,0,,,,,,,,,,,,
500,Mangosteen,"['27', '28', '80', '81', '112']",[], 27 28 80 81 112A,FALSE,B4,6a+,0,0,,,,,,,,,,,,
501,"Hop, Skip, Jump, Leap, Fly, Die","['7', '28', 'girder']",[], 7 28 girder,FALSE,B5,0,XXX,0,,,,,,,,,,,,
502,The Last Witch,"['6', '7', '25', '77', '106', '105']",[], 6 7 25 77A 106B 105,FALSE,B5,6a+,0,0,,,,,,,,,,,,
503,Apotheosis,"['9', '30', '56', '10', '86', '86', '36', '37', '91']",[], 9B 30 56 10 86A 86E 36 37 91B,FALSE,B4,6b-,0,0,,,,,,,,,,,,
504,The Witching Hour,"['6', '7', '25', '73', '105']",[], 6 7 25 73B 105,FALSE,B4,6b-,0,0,,,,,,,,,,,,
505,Juicy Lucy,"['6', '23', '50', '75', '28', '107']",[], 6 23A 50 75A 28 107A,FALSE,B4,6b-,0,0,,,,,,,,,,,,
506,Surf's Up,"['6', '22', '23', '73', '51', '108']",[], 6 22 23B 73B 51 108,FALSE,B4,6b-,0,0,,,,,,,,,,,,
507,The Four-and-a-Half Minute Mile,"['7', '26', '51', '73', '23', '20', '46', '63', 'girder']",[], 7 26 51 73B 23A 20 46 63 girder,FALSE,B5,6b-,0,0,,,,,,,,,,,,
508,Nailbiter,"['9', '30', '84', '53', '88', '108', '105']",[], 9 30 84A 53B 88A 108 105,FALSE,B5,6b-,0,0,,,,,,,,,,,,
509,Geoff's Reach,"['8', '29', '82', '110']",[], 8 29 82A 110,FALSE,B5,6b-,0,0,,,,,,,,,,,,
510,Potheosis,"['9', '30', '56', '10', '86', '36', '37', '91']",[], 9B 30 56 10 86E 36 37 91B,FALSE,B4,6b,0,0,,,,,,,,,,,,
511,Alien Football,"['32', '55', '83', '109', '28', '108']",[], 32 55 83A 109C 28 108,FALSE,B4,6b,0,0,,,,,,,,,,,,
512,Iffley Superdirect,"['2', '16', '96']",[], 2 16 96,FALSE,B4,6b,0,0,,,,,,,,,,,,
513,Horny Little Devil,"['5', '22', '48', '72', '103']",[], 5 22 48B 72A 103B,FALSE,B5,6b,0,0,,,,,,,,,,,,
514,Leap!,"['9', '30', '34', '57', '115', '112']",[], 9 30 34 57 115 112,FALSE,B5,6b,0,0,,,,,,,,,,,,
515,Bad Karma,"['9', '32', '55', '79', '8', '24', '52', '73', '105']",[], 9 32 55 79A 8 24 52 73B 105,FALSE,B5,6b,0,0,,,,,,,,,,,,
516,Bouncy Castle,"['arete', '15', '12', '60', '62']",[], arete 15A 12 60 62A,FALSE,B5,6b,0,0,lh_arete,"A brilliant power-problem up the left hand arête, set by Geoff Hannis in M05 and finally climbed by Pete Cawley in 2012. Following a delicate sit start, power up the arête and somehow reach right for the slot (terms such as ""dynamic hand jams"" have been banded about here...) Step up onto 15 and then glide effortlessly (easier said than done) to the final hold... or dream on.",3,0,TRUE,TRUE,0,TRUE,0,0,0,0
517,The Spanner,"['arete', '1', '42', '96', '46', '4', '47', '49', '6', '50', 'girder']",[], arete 1 42 96B 46 4 47A 49 6 50 girder,FALSE,B5,6b,0,0,lh_arete,"First ascent by Mike Pearson, M14. Difficult, strenuous climbing that became something of an infamous impossibility amongst the Iffley elite…",2,0,TRUE,0,0,TRUE,0,0,0,0
518,Ice Lolly,"['6', '23', '50', '78', '29', '81']",[], 6 23A 50 78A 29 81,FALSE,B5,6b,0,0,,,,,,,,,,,,
519,Pirelli,"['30', '55', '29', '88', '53', '108']",[], 30 55 29A 88B 53A 108,FALSE,B5,6b,0,0,,,,,,,,,,,,
520,Eliminate This,"['2', '16', '98']",[], 2 16 98,FALSE,B6,6b,0,0,,,,,,,,,,,,
521,Warped Love,"['8', '29', '56', '31', '57', '36', '86', '59', 'arete']",[], 8 29 56 31 57B 36 86D 59 arete,FALSE,B6,6b,0,0,,,,,,,,,,,,
522,Palm Beach,"['6', '23', '22', '70', '73', '51', '78', '28', '30', '83', '85']",[], 6 23 22 70B 73A 51 78B 28 30 83 85,FALSE,B6,6b,0,0,,,,,,,,,,,,
523,Bemused,"['2', '16', '46', '48', 'girder', '107']",[], 2 16 46 48 girder 107A,FALSE,B7,6b,0,0,,,,,,,,,,,,
524,Bewitched,"['2', '16', '45', '46', '48', '102', 'girder', '107']",[], 2 16 45 46 48A 102B girder 107A,FALSE,B7,6b,0,0,,,,,,,,,,,,
525,Unnamed Traverse,"['arete', '11', '38', '116', '115', '32', '81', '80', '28', '108', '105']",[], arete 11 38A 116A 115 32 81 80 28 108 105,FALSE,B7,6b,0,0,,,,,,,,,,,,
526,Bedazzled,"['arete', '1', '40', '15', '2', '18', '44', '96']",[], arete 1 40A 15A 2 18 44A 96,FALSE,B4,6b+,0,0,lh_arete,"First ascent by Steve Broadbent, M07. The horizontal dyno is a long way for all but the tallest of climbers, and requires exceptionally precise climbing but no chips. It's short and safe, but technically as hard as they come. Welcome to the realm of weirdness...",3,0,0,TRUE,0,0,TRUE,0,0,0
527,Scooby Snacks,"['32', '34', '83', '115', '37', '117']",[], 32 34 83 115 37 117,FALSE,B5,6b+,0,0,,,,,,,,,,,,
528,Nimrod,"['6', '23', '22', '73', '67', '46', '100', '99']",[], 6 23 22 73A 67B 46 100A 99A,FALSE,B5,6b+,0,0,,,,,,,,,,,,
529,The Campaign Trail,"['11', '38', '86', '34', '84', '30', '81']",[], 11 38A 86D 34 84A 30 81,FALSE,B6,6b+,0,0,,,,,,,,,,,,
530,Hey! Mr.Taliban / The Taliban Project,"['8', '29', '88', '32', '84', '31', '36', '91']",[], 8 29 88B 32 84A 31 36 91B,FALSE,B7,6b+,0,0,,,,,,,,,,,,
531,"Taller Than You, Broadbent","['32', '34', '87', '38', '92']",[], 32 34 87 38B 92,FALSE,B6,6c-,0,0,,,,,,,,,,,,
532,Ecstasy,"['34', '32', '83', '29', '88', '53', '108']",[], 34 32 83B 29A 88B 53A 108,FALSE,B7,6c,0,0,,,,,,,,,,,,
533,The Ultimate Everything,"['6', '23', '50', '78', '29', '88', '32', '84', '113']",[], 6 23A 50 78A 29 88B 32 84A 113B,FALSE,B8,6c,0,0,,,,,,,,,,,,
534,The Blair Bitch Project,"['6', '7', '25', '49', '73', '105']",[], 6 7 25 49 73A 105,FALSE,B7,6c+,0,0,,,,,,,,,,,,
535,The Magic Carpet Ride,"['34', '32', '85', '113', '55', '109', '109', '77', '107']",[], 34 32 85B 113A 55 109C 109B 77A 107A,FALSE,B9,6c+,0,0,,,,,,,,,,,,
